Club Address,Club Number,Club E-mail,Club name
"Hof Waldegg, D-87487 Wiggensbach, Germany",+49 8370 93073,info@golf-wiggensbach.com,Golfclub Waldegg-Wiggensbach e.V.
"In de Bargen 59, D-22587 Hamburg, Germany",+49 40 812177,info@golfclub-falkenstein.de,Hamburger Golf-Club e.V. Falkenstein
"Kranichweg 1, D-19065 Gneven-Vorbeck, Germany",+49 3860 5020,info@winstongolf.de,WINSTONgolf
"Apeldör 2, D-25779 Hennstedt, Germany",+49 4836 99600,golfhotel@apeldoer.de,Golf Club Gut Apeldör GmbH
"Drei Buchen, D-55583 Bad Kreuznach, Germany",+49 6708 2145,info@golfclub-nahetal.de,Golfclub Nahetal e.V.
"Fernsicht 1, D-25997 Hörnum/Sylt, Germany",+49 4651 4492710,golf@gc-budersand.de,Golfclub Budersand Sylt
"Denzerheide, D-56130 Bad Ems, Germany",+49 2603 6541,info@mgcbadems.de,Mittelrheinischer Golfclub Bad Ems e.V.
"Ruppertslohe 18, D-92283 Lauterhofen, Germany",+49 9186 1574,info@gc-lauterhofen.de,Golf Club Lauterhofen e.V.
"Am Golfplatz 1-3, D-79780 Stühlingen, Germany",+49 7703 92030,sekretariat@golf-oberealp.de,Golfclub Obere Alp e.V.
"Grevelingstieg 6, D-25938 Nieblum, Germany",+49 4681 580455,info@golfclubfoehr.de,Golf Club Föhr e.V.
"Grosser Weg 100, D-53474 Bad Neuenahr-Ahrweiler, Germany",+49 2641 950950,sekretariat@glc-badneuenahr.de,Golf- und Landclub Bad Neuenahr-Ahrweiler
"Buflings 1a, D-87534 Oberstaufen, Germany",+49 8386 939250,info@golfzentrum-oberstaufen.de,Golf Club Oberstaufen e.V.
"D-93093 Jagdschloß Thiergarten, Germany",+49 9403 505,sekretariat@golfclub-regensburg.de,Golf- und Land-Club Regensburg e.V.
"Opelstraße 30, D-68789 St. Leon-Rot, Germany",+49 6227 86080,info@gc-slr.de,Golf Club St. Leon-Rot Betriebsgesellschaft mbH & Co. KG
"Westerhart 1b, D-87740 Buxheim, Germany",+49 8331 71016,info@golfclub-memmingen.de,Golfclub Memmingen Gut Westerhart e.V.
"Friedensweg 4, D-87437 Kempten, Germany",+49 831 5129550,info@golfparklenzfried.de,Golfpark Schloßgut Lenzfried GmbH & Co. KG
"Widukindweg, D-21357 St. Dionys, Germany",+49 4133 213311,info@golfclub-st-dionys.de,Golf Club St. Dionys e.V.
"Am Großen Baum 7, D-88175 Scheidegg, Germany",+49 8381 8899380,info@golfplatz-scheidegg.de,Golfplatz Scheidegg
"Fischgartl 2, D-84332 Hebertsfelden, Germany",+49 8561 5969,info@rottaler-gc.de,Rottaler Golf- & Country Club Eggenfelden
"Gut Steinberg 1 - 3, D-83666 Waakirchen / Marienstein, Germany",+49 8022 7506330,golf@margarethenhof.com,DER MARGARETHENHOF Golf & Hotel am Tegernsee
"Zerrenthiner Straße 2-3, D-17309 Krugsdorf, Germany",+49 39743 519616,info@schlosskrugsdorf.de,Golf & Country Club Schloß Krugsdorf
"Schloss Langenstein, D-78359 Orsingen-Nenzingen, Germany",+49 7774 50651,golf-sekretariat@schloss-langenstein.com,Country Club Schloss Langenstein
"Eltweg 2, D-47809 Krefeld-Linn, Germany",+49 2151 156030,kgc@krefelder-gc.de,Krefelder Golf Club e.V.
"Eichenfürst 9, Marktheidenfeld, D-97828 Marktheidenfeld, Germany",+49 9391 8435,info@main-spessart-golf.de,Golfclub Main-Spessart e.V.
"In der Au 5, D-87534 Oberstaufen-Steibis, Germany",+49 8386 8529,info@golf-oberstaufen.de,Golfclub Oberstaufen-Steibis e.V.
"Aldinger Straße, Geb. 975, D-70806 Kornwestheim, Germany",+49 7141 871319,info@gc-neckartal.de,Golfclub Neckartal e.V.
"Gut Schluifeld, D-82237 Wörthsee, Germany",+49 8153 934770,info@golfclub-woerthsee.de,Golfclub Wörthsee e.V.
"Bockholm 23, D-24960 Glücksburg-Bockholm, Germany",+49 4631 2547,info@foerdegolfclub.de,Förde-Golf-Club e.V.
"Hindenburgsstraße 7, D-63637 Jossgrund, Germany",+49 6059 905510,info@golfclub-badorb.de,Golf-Club Bad Orb Jossgrund e.V.
"Gut Levershausen, D-37154 Northeim, Germany",+49 5551 908380,info@gchardenberg.de,Golf Club Hardenberg e.V.
"Reischenhof 1, D-88489 Wain, Germany",+49 7353 1732,info@golfclub-reischenhof.de,Golfclub Reischenhof e.V.
"Eulenstraße 58, D-58730 Fröndenberg, Germany",+49 2373 76489,gut.neuenhof@golf.de,Golf Club Gut Neuenhof
"Rommeljansweg 12, D-40882 Ratingen, Germany",+49 2102 81092,info@duesseldorfer-golf-club.de,Düsseldorfer Golf Club e.V.
"Gut Häusern 2, D-85229 Markt Indersdorf, Germany",+49 8139 93280,info@golf-gh.de,Münchner Golf Eschenried - Golfpark Gut Häusern
"Hofgut Todtenried, D-85235 Odelzhausen, Germany",+49 8134 99880,info@gcmw.de,Golfclub München-West Odelzhausen e.V.
"Am Golfplatz 24, D-21218 Seevetal, Germany",+49 4105 2331,sekretariat@hlgc-hittfeld.de,Hbg. Land- u. Golf Club Hittfeld e.V.
"Weimarer Straße 60, D-99444 Blankenhain, Thuringia, Germany",+49 36459 61641000,info@golfweimar.de,GolfResort Weimarer Land
"Myllendonker Straße 113, D-41352 Korschenbroich, Germany",+49 2161 641049,info@gcsm.de,Golfclub Schloss Myllendonk e.V.
"Eurach 8, D-82393 Iffeldorf, Germany",+49 8801 915830,info@eurach.de,St. Eurach Land- und Golf Club e.V.
"Sommerhalde 11, D-72181 Starzach-Sulzau, Germany",+49 7472 15050,info@gcsw.de,GC Schloss Weitenburg
"Merzhäuser Straße 29, D-61276 Weilrod, Germany",+49 6083 95050,kontakt@golfclub-weilrod.de,Golfclub Taunus Weilrod e.V.
"Zum Glasberg 9, D-24613 Aukrug-Bargfeld, Germany",+49 4873 595,sekretariat@golfclub-aukrug.de,Mittelholsteinischer Golf-Club Aukrug e.V.
"Anthal 2, D-83413 Fridolfing, Germany",+49 8684 888,info@golfclub-anthal.de,Golfclub Anthal-Waginger See
"Holzhof 2, D-85293 Reichertshausen, Germany",+49 8137 5084,info@gcr.de,Golfclub Schloß Reichertshausen
"Lindenstraße 46, D-63679 Schotten-Eschenrod, Germany",+49 6044 8401,info@gc-eschenrod.de,Golf Club Eschenrod e.V.
"Bonnstraße 409, D-50354 Hürth-Fischenich, Germany",+49 2233 6278898,kontakt@tincup.de,Golfcenter Tin-Cup
"Hahnenstraße/Gut Lärchenhof, D-50259 Pulheim, Germany",+49 2238 923900,golfclub@gutlaerchenhof.de,Golf Club Gut Lärchenhof e.V.
"Uneringer Straße, D-82319 Starnberg, Germany",+49 8151 12157,club@gcstarnberg.de,Golfclub Starnberg e.V.
"Guttenburg 3, D-84559 Kraiburg, Germany",+49 8638 887488,info@golfclub-guttenburg.de,Golf Club Schloss Guttenburg e.V.
"Golfplatz Alsberg a.d.H., D-63628 Bad Soden-Salmünster, Germany",+49 6056 91580,sekretariat@golf-spessart.de,Golf-Club Spessart e.V.
"Moserbergweg 60, A-6345 Kössen, Austria",+49 8640 798250,info@gcreit.de,Golfclub Reit im Winkl e.V. Kössen
"Hofgut Kargegg 1, D-78476 Allensbach-Langenrain, Germany",+49 7533 93030,info@golfclubkonstanz.de,Golf-Club Konstanz e.V.
"Zollmühle 1, D-91792 Ellingen, Germany",+49 9141 3976,info@golfanlage-zollmuehle.de,Golfclub Zollmühle
"Hohlacker 5, D-25813 Schwesing, Germany",+49 4841 72238,info@gc-husumer-bucht.de,Golf Club Husumer Bucht e.V.
"Talheimer Hof 1, D-74388 Talheim, Germany",+49 7131 6359911,welcome@talheimerhof.de,public Golf Talheimer Hof
"Moyländer Allee 1, D-47551 Bedburg-Hau, Germany",+49 2824 4749,info@landgolfclub.de,Land-Golf-Club Schloß Moyland e.V.
"Hurreler Straße/Lehmweg 1, D-27798 Hude, Germany",+49 4408 929090,info@golfinhude.de,Golf in Hude e.V.
"Roermonder Straße, ehemaliger Flughafen Elmpt, D-41372 Niederkrüchten, Germany",+49 2163 4996131,info@golf-in-elmpt.eu,Europäischer Golfclub Elmpter Wald e.V.
"Höseler Straße 147, D-42579 Heiligenhaus, Germany",+49 2056 93370,info@golfclubhoesel.de,Golfclub Hösel e.V.
"Ferdinand-von-Schill-Straße 4a, D-01728 Bannewitz, Germany",+49 35206 2430,info@golfclub-dresden.de,Golfclub Dresden Elbflorenz e.V.
"Wildgarten 1, D-24226 Heikendorf, Germany",+49 431 232324,info@golf-kiel.de,Golf-Club Kitzeberg e.V.
"Schloss Klingenburg, D-89343 Jettingen-Scheppach, Germany",+49 8225 3030,info@golf-klingenburg.de,Golf-Club Schloss Klingenburg e.V.
"Siebeneicker Straße 386, D-42111 Wuppertal, Germany",+49 2053 7077,info@golfclub-bergischland.de,Golf Club Bergisch Land Wuppertal e.V.
"Am Golfpark 1, D-79336 Herbolzheim-Tutschfelden, Germany",+49 7643 93690,sekretariat@gc-breisgau.de,Europa-Park Golfclub Breisgau e.V.
"Zum Golfplatz 23, D-49577 Ankum, Germany",+49 5466 301,info@artlandgolf.de,Artland Golfclub e.V.
"Voithenberg 3, D-93437 Furth im Wald, Germany",+49 9973 2089,info@gc-furth.de,Golf-Club Furth im Wald e.V.
"Buwiesen 10, D-72514 Inzigkofen, Germany",+49 7571 74420,info@gc-sigmaringen.de,Golf-Club Sigmaringen Zollern-Alb e.V.
"Am Golfplatz, D-21524 Brunstorf, Germany",+49 4151 867878,info@golfclub-brunstorf.de,Golf & Country Club Brunstorf
"Rittergut Rothenberger Haus, D-37115 Duderstadt, Germany",+49 5529 8992,club@gcrr.de,Golfclub Rittergut Rothenbergerhaus e.V.
"Industriestraße 16, D-49492 Westerkappeln-Velpe, Germany",+49 5456 96013,sekretariat@golfclub-habichtswald.de,Golfclub Habichtswald e.V.
"Franz-Ludwig-von-Cancrin-Weg 1 a, D-63454 Hanau-Wilhelmsbad, Germany",+49 6181 180190,info@golfclub-hanau.de,Golf Club Hanau-Wilhelmsbad e.V.
"Am Golfplatz 1, D-01454 Ullersdorf, Germany",+49 3528 48060,info@golfanlage-ullersdorf.de,Golf Club Dresden Ullersdorf e.V.
"Martendorf 23, D-25881 Tating, Germany",+49 4863 955060,info@opencounty.de,Golfplatz Open County
"Hennematt 20, D-79736 Rickenbach, Germany",+49 7765 777,info@golfclub-rickenbach.de,Golfclub Rickenbach e.V.
"Oberteicher Weg, D-22941 Jersbek, Germany",+49 4532 20950,mail@golfclub-jersbek.de,Golf-Club Jersbek e.V.
"D-54340 Ensch-Birkenheck, Germany",+49 6507 993255,info@golf-club-trier.de,Golf Club Trier e.V.
"Hochreiterweg 14, D-85567 Grafing-Oberelkofen, Germany",+49 8092 7494,info@gcschlosselkofen.de,Golf-Club Schloss Elkofen e.V.
"Attighof 1, D-35647 Waldsolms-Brandoberndorf, Germany",+49 6085 98120,info@attighof.de,Attighof Golf & Country Club e.V.
"Am Biddersbacher Hof, D-74931 Lobbach-Lobenfeld, Germany",+49 6226 952110,golf@gchl.de,Golfclub Heidelberg-Lobenfeld e.V.
"Schlossallee 1, D-18551 Lohme/Rügen, Germany",+49 38302 88910,golf@schloss-ranzow.de,Golfplatz Schloss Ranzow
"Am Golfplatz, D-24806 Sorgbrück, Germany",+49 4336 999111,info@lohersand.de,Golf Club Lohersand e.V.
"Fruhstorf 6, D-94330 Aiterhofen, Germany",+49 9421 72804,kontakt@golfclub-gaeuboden.de,Golfclub Gäuboden e.V.
"Wissmannshof 1, D-34355 Staufenberg, Germany",+49 5543 999335,info@wissmannshof.de,Sport-und Golf-Resort Gut Wissmannshof
"Über dem Ohle 25, D-57392 Schmallenberg, Germany",+49 2975 8745,info@golfclub-schmallenberg.de,Golfclub Schmallenberg e.V.
"Arsbecker Str. 160, D-41844 Wegberg, Germany",+49 2436 39090,info@golfclubschmitzhof.de,Golf- und Landclub Schmitzhof e.V.
"Gerhelm 1, D-91235 Velden, Germany",+49 9152 398,info@gerhelm.de,Golfclub Gerhelm Nürnberger Land e.V.
"Kötzing 1, D-83339 Chieming-Hart, Germany",+49 8669 87330,info@golfchieming.de,Golf-Club Chieming e.V.
"Golfplatz 2, D-51429 Bergisch Gladbach, Germany",+49 2204 92760,info@glckoeln.de,Golf- und Land-Club Köln e.V.
"In den Weihern 21, D-66687 Wadern-Nunkirchen, Germany",+49 6874 186980,info@golfpark-weiherhof.info,Golfclub Weiherhof e. V.
"Haxterhöhe 2, D-33100 Paderborn, Germany",+49 5251 604248,info@haxterpark.de,Universitäts-Golfclub Paderborn e.V.
"Rosenhof, D-63843 Niedernberg, Bavaria, Germany",+49 6026 9771390,info@golfparkrosenhof.de,Golfpark Rosenhof
"Aldruper Oberesch 12, D-48268 Greven, Germany",+49 2571 97095,info@golfclub-aldruper-heide.de,Golf-Club Aldruper Heide e.V.
"Eichenallee 1, D-24321 Hohwacht/Ostsee, Germany",+49 4381 9690,info@golfclub-hohwacht.de,Golf- und Country-Club Hohwachter Bucht e.V.
"Oberlippach 2, D-84095 Furth bei Landshut, Germany",+49 8704 8378,sekretariat@golf-landshut.de,Golf Club Landshut e.V.
"Hofgut Neuhof, D-63303 Dreieich, Germany",+49 6102 327010,info@golfclubneuhof.de,Golf Club Neuhof e.V.
"Hagelwasen, D-72379 Hechingen, Germany",+49 7471 9849930,info@golfclub-hechingen.de,Golf Club Hechingen-Hohenzollern e.V.
"Weihern 3, D-84104 Rudelzhausen, Germany",+49 8756 96010,rezeption@golfclubholledau.de,Golfanlage Holledau
"Golfstraße 41, D-60528 Frankfurt, Germany",+49 69 66623180,info@fgc.de,Frankfurter Golf Club e.V.
"Golfplatz 1, D-75378 Bad Liebenzell, Germany",+49 7052 93250,info@gcbl.de,Golfclub Bad Liebenzell e.V.
"Milanweg, D-54576 Hillesheim, Germany",+49 6593 1241,info@golfclub-eifel.de,Golf Club Eifel e.V.
"Welpe 2, D-49377 Vechta, Germany",+49 4441 5539,info@golfclub-vechta.de,Golfclub Vechta-Welpe e.V.
"Haus Amecke, D-59846 Sundern, Germany",+49 2393 170666,info@golfhausamecke.de,Golf am Haus Amecke
"Haghof 6, D-73553 Alfdorf-Haghof, Germany",+49 7182 92760,info@glc-haghof.de,Golf- und Landclub Haghof e.V.
"Zum Golfplatz 1, D-92355 Velburg-Unterwiesenacker, Germany",+49 9182 931910,gcah@juragolf.de,Golf Club Am Habsberg e.V.
"Am Golfplatz 35, D-36145 Hofbieber, Germany",+49 6657 1334,info@golfclub-fulda.de,Golfclub Fulda Rhön e.V.
"Overbach 1, D-53804 Much, Germany",+49 2245 5550,info@golfclub-burg-overbach.de,Golf Club Burg Overbach e.V.
"Lampertsweiler 51, D-88138 Weißensberg, Germany",+49 8389 89190,info@gcbw.de,Golfclub Bodensee Weißensberg e.V.
"An der Rottwiese 2, D-94094 Rotthalmünster, Germany",+49 8532 92440,golfresort@quellness-golf.com,"Golf Resort Bad Griesbach, Porsche Golf Course"
"Hof Berg 3, D-25917 Stadum, Germany",+49 4662 70577,info@gc-hofberg.de,Golf Club Hof Berg e.V.
"Feursstraße 89, D-82140 Olching, Germany",+49 8142 48290,sportbuero@golfclubolching.de,Golfclub Olching e.V.
"Schloßfeld 6 / Golfplatz, D-71297 Mönsheim, Germany",+49 7044 9110410,info@golfclub-stuttgart.com,Stuttgarter Golf-Club Solitude e.V.
"Freiung 14, D-83104 Maxlrain, Germany",+49 8061 1403,info@golfclub-maxlrain.de,Golf Club Schloß Maxlrain e.V.
"Dr.-Detlev-Rudelsdorff-Allee 3, D-36088 Hünfeld, Germany",+49 6652 9970,info@praforst.de,Golf Club Hofgut Praforst
"Moselweg 4, D-53902 Bad Münstereifel, Germany",+49 2253 2714,info@golfbadmuenstereifel.de,Golfclub Bad Münstereifel-Stockert e.V.
"Wettmarer Straße 13, D-30938 Burgwedel-Engensen, Germany",+49 5139 9739690,info@gc-burgwedel.de,Golf Club Burgwedel e.V.
"Rohrenfeld 102, D-86633 Neuburg an der Donau, Germany",+49 8431 908590,info@wbgc.de,Wittelsbacher Golfclub Rohrenfeld-Neuburg e.V.
"Borgwedeler Weg 16, D-24357 Güby, Germany",+49 4354 98184,club@gc-schlei.de,Golf-Club an der Schlei e.V.
"Tutzinger Straße 15, D-82340 Feldafing, Germany",+49 8157 93340,info@golfclub-feldafing.de,Golf Club Feldafing e.V.
"Steinpatt 13, D-59320 Ennigerloh-Ostenfelde, Germany",+49 2524 5799,info@gcsv.de,Golf-Club Schloß Vornholz e.V.
"Steenbecksweg 12, D-46514 Schermbeck, Germany",+49 2856 91370,info@gcww.de,Golfclub Weselerwald e.V.
"Im Mailand 127, D-44797 Bochum-Stiepel, Germany",+49 234 799832,info@bochumer-golfclub.de,Bochumer Golfclub e.V.
"Deuringer Straße 20, D-86391 Stadtbergen/Augsburg, Germany",+49 821 437242,gcl@golfclub-leitershofen.de,Golf Club Leitershofen e.V.
"Hof Bornbek-Hoisdorf, D-22952 Lütjensee, Germany",+49 4107 7831,info@gc-hoisdorf.com,Golf-Club Hoisdorf e.V.
"Schultenweg 1, D-28857 Syke-Okel, Germany",+49 4242 8230,info@golfclub-syke.de,Golfclub Syke e.V.
"Dahlkampsweg 2, D-31234 Edemissen, Germany",+49 5176 90112,info@gcpe.de,Golf-Club Peine-Edemissen e.V.
"Feldscheide 2, D-23827 Wensin, Germany",+49 4559 1360,info@golfclub-segeberg.de,"Golfclub Segeberg e.V., Gut Wensin"
"Am Riesenbett, D-21521 Dassendorf, Germany",+49 4104 6120,info@gc-sachsenwald.de,Golf-Club Am Sachsenwald e.V.
"Am Golfplatz 4, D-26639 Wiesmoor, Germany",+49 4944 6440,golf@golfclubostfriesland.de,Golfclub Ostfriesland e.V.
"Zum Belvedere, D-18209 Wittenbeck, Germany",+49 38293 410090,info@golf-resort-wittenbeck.de,Ostsee Golf Club Wittenbeck e.V.
"Oed 1, D-83620 Feldkirchen-Westerham, Germany",+49 8063 6300,info@gc-mangfalltal.de,Golfclub Mangfalltal e.V.
"Am Golfplatz, D-41469 Neuss, Germany",+49 2137 91910,service@hummelbachaue.de,Golfanlage Hummelbachaue
"Köckmühle 132, D-83539 Pfaffing, Germany",+49 8076 8891870,club@gcpwl.de,Golfclub Pfaffing Wasserburger Land e.V.
"Am Golfplatz 5, D-15749 Mittenwalde OT Motzen, Germany",+49 33769 50130,info@golfclubmotzen.de,Berliner Golf & Country Club Motzener See e.V.
"Muderbolz 10, D-87527 Ofterschwang, Germany",+49 8321 272181,golf@sonnenalp.de,Golfplatz Sonnenalp
"Koppelweg 103, D-88348 Bad Saulgau, Germany",+49 7581 527455,info@gc-bs.de,GREEN-GOLF Bad Saulgau GbR
"Werdenfelserstr. 2, D-82467 Garmisch-Partenkirchen, Germany",+49 8821 945670,info@golfclub-werdenfels.de,Land- und Golfclub Werdenfels e.V.
"Karlshäuser Hof, D-75248 Öllbronn-Dürrn, Germany",+49 7237 484000,info@golfyouup.de,Golfyouup GmbH
"Hofgut Hochstatt, D-73450 Neresheim, Germany",+49 7326 5649,info@golfclub-hochstatt.de,Golf-Club Hochstatt Härtsfeld-Ries e.V.
"Schwaghof 4, D-32108 Bad Salzuflen, Germany",+49 5222 10773,info@golfclub-bad-salzuflen.de,Golf- und Landclub Bad Salzuflen von 1956 e.V.
"Schlingener Straße 27, D-87668 Rieden, Germany",+49 8346 777,golfclub@bad-woerishofen.de,Golfclub Bad Wörishofen e.V.
"Bornmühle 1a, D-17094 Groß Nemerow, Germany",+49 39605 27376,info@gc-mst.de,Golfclub Mecklenburg-Strelitz e.V.
"Pauenweg 68, D-47661 Issum, Germany",+49 2835 92310,golfclub-issum@t-online.de,Golf Club Issum-Niederrhein e.V.
"Pannschoppen 2, D-42781 Haan, Germany",+49 2104 170307,info@golfclub-haan-duesseltal.de,Golfclub Haan Düsseltal 1994 e.V.
"Gut Deixlfurt 7, D-82327 Tutzing, Germany",+49 8158 3600,service@golfplatz-tutzing.de,Golfclub Tutzing
"Bäckerbarg 10, D-22889 Tangstedt, Germany",+49 4109 5544546,info@golfclub-oberalster.de,Golfclub Hamburg-Oberalster
"Schönenberger Straße 17, D-79677 Schönau, Germany",+49 7673 888660,Info@golfschoenau.de,Golf Club Schönau e.V.
"Boschach 3, D-87724 Ottobeuren, Germany",+49 8332 92510,info@aglc.de,Allgäuer Golf- und Landclub e.V.
"Schaichhof, D-71088 Holzgerlingen, Germany",+49 7157 67966,info@gc-schoenbuch.de,Golfclub Schönbuch e.V.
"Weidenloh 40, D-91278 Pottenstein, Germany",+49 9243 929210,info@gc-pottenstein.de,Golf Club Pottenstein-Weidenloh e.V.
"Am Röderweg 3, D-99820 Hörselberg-Hainich, Germany",+49 36920 71871,info@golf-eisenach.de,Golfclub Eisenach im Wartburgkreis e.V.
"Sparnecker Weg 100, D-14089 Berlin, Germany",+49 30 3650006,info@golfclubgatow.de,Berliner Golf Club Gatow e.V.
"Grevenmühle 3, D-40882 Ratingen-Homberg, Germany",+49 2102 95950,golfclub@grevenmuehle.de,Golf Club Grevenmühle GmbH
"Riedhof 16, D-82544 Egling-Riedhof, Germany",+49 8171 21950,info@riedhof.de,Golfclub München-Riedhof e.V.
"Weißer Weg, D-65201 Wiesbaden, Germany",+49 611 1842416,golfc@golfclubrheinmain.de,Golfclub Rhein-Main e.V.
"Am Weiher 1, D-15345 Atlandsberg - Wilkendorf, Germany",+49 3341 330960,info@golfpark-schloss-wilkendorf.com,Golfpark Schloss Wilkendorf
"Huxoll 14, D-32825 Blomberg-Cappel, Germany",+49 5236 459,sekretariat@lippischergolfclub.de,Lippischer Golfclub e.V.
"Hof Loh, D-29614 Soltau-Tetendorf, Germany",+49 5191 9676333,info@golf-soltau.de,Golfpark Soltau
"An der Lache 1, D-63500 Seligenstadt (OT Froschhausen), Germany",+49 6182 828990,sekretariat@golf-seligenstadt.de,Golfclub Seligenstadt am Kortenbach e.V.
"Matthias-Bauer-Str. 108, D-86633 Neuburg-Heinrichsheim, Bayern, Germany",+49 8431 5387844,info@zieglersgolfplatz.de,Zieglers Golfplatz GmbH & Co. KG
"Stoote 1, D-42499 Hückeswagen, Germany",+49 2192 85470,sekretariat@dreibaeumen.de,Golfclub Dreibäumen e.V.
"Hohenpähl, D-82396 Pähl, Germany",+49 8808 92020,info@gchp.de,Golf Club Hohenpähl e.V.
"An der B 291, D-68723 Oftersheim, Germany",+49 6202 56390,Info@golfplatz-rheintal.de,Golf Platz Rheintal GmbH & Co. KG
"Am Golfplatz 3, D-49143 Bissendorf-Jeggen, Germany",+49 5402 5636,info@ogc.de,Osnabrücker Golf Club e.V.
"Velderhof, D-50259 Pulheim, Germany",+49 2238 923940,info@velderhof.de,Golf & Country Club Velderhof e.V.
"Neuer Garten 2, D-74639 Friedrichsruhe-Zweiflingen, Germany",+49 7941 92080,golf@gc-heilbronn-hohenlohe.de,Golf-Club Heilbronn-Hohenlohe e.V.
"Niederreutin 1, D-71149 Bondorf, Germany",+49 7457 94490,info@golf-bondorf.de,Golfclub Domäne Niederreutin e.V.
"Am Hirschfuß 2-4, D-51061 Köln, Germany",+49 214 50047500,info@golfclub-leverkusen.de,Golf Club Leverkusen e.V.
"Alte Landstraße 1, D-25693 St. Michaelisdonn, Germany",+49 4853 880909,info@golf-am-donner-kleve.de,Golf am Donner Kleve
"Auf Kinnscheid 1, D-54636 Baustert, Germany",+49 6527 934977,info@golfclub-suedeifel.de,Golfclub Südeifel
"Kreuzstraße 10, D-51647 Gummersbach-Berghausen, Germany",+49 2266 440447,info@gimborner-land.de,Golfanlage Gimborner Land
"Gut Rettenberg, D-82393 Iffeldorf, Germany",+49 8856 92550,info@golfplatz-iffeldorf.de,Golfplatz Iffeldorf GmbH & Co. KG
"Buchenauerhof 4, D-74889 Sinsheim-Weiler, Germany",+49 7265 7258,info@golfclubsinsheim.de,Golfclub Sinsheim Buchenauer Hof e.V.
"Hardt 21, D-47877 Willich, Germany","+49 2159 911093, +49 2159 915950",sekretariat@gcduvenhof.de,Golfanlage Duvenhof
"Am Hockenberg 100, D-21218 Seevetal, Germany",+49 4105 52245,info@amhockenberg.de,Golf- & Country Club am Hockenberg e.V.
"Zur Weilersheck 1, D-54636 Wissmannsdorf, Germany",+49 6527 92720,info@bitgolf.de,Golf-Resort Bitburger Land
"Kowitzberg 41, D-23570 Lübeck-Travemünde, Germany",+49 4502 74018,info@ltgk.de,Lübeck-Travemünder Golf-Klub von 1921 e.V.
"Am Kallin 1, D-14641 Nauen OT Börnicke, Germany",+49 33230 8940,info@golf-kallin.de,Golfanlage Kallin
"Bagno, Hollich 156a, D-48565 Steinfurt, Germany",+49 2551 833550,info@gc-muensterland.de,Golf Club Münsterland e.V. Burgsteinfurt
"Freiherr-v.-Stein-Straße 92a, D-45133 Essen-Hügel, Germany",+49 201 444600,golf@etuf.de,Golfriege ETUF e.V. Essener Turn- u. Fechtclub
"Schloßstraße 1, D-45701 Herten-Westerholt, Germany",+49 209 165840,info@gc-westerholt.de,Golfclub Schloß Westerholt e.V.
"Postfach 1509, D-26479 Wangerooge, Germany",+49 172 3614858,post@golf-wangerooge.de,Golf Club Insel Wangerooge e.V
"Bgm.-Spitta-Allee 34, D-28329 Bremen, Germany",+49 421 230041,info@club-zur-vahr.de,"Club zur Vahr e.V. Bremen, Platz Vahr"
"Am Haidschlag 39-45, D-22926 Ahrensburg, Germany",+49 4102 51309,info@golfclub-ahrensburg.de,Golf Club Hamburg Ahrensburg e.V.
"Am Nassen Berg 1, D-65510 Idstein-Wörsdorf, Germany",+49 6126 93220,suedkurs@golfpark-idstein.de,Golfpark Idstein e.V.
"Schleinhof, D-91077 Kleinsendelbach, Germany",+49 9126 5004,info@gc-erlangen.de,Golf Club Erlangen e.V.
"Middelicher Straße 72, D-45891 Gelsenkirchen-Buer, Germany",+49 209 701100,info@haus-leythe.de,Gelsenkirchener Golfclub Haus Leythe e.V.
"Otmar-Schaller-Allee 1, D-91438 Bad Windsheim, Germany",+49 9841 5027,gc.badwindsheim@t-online.de,Golf Club Reichsstadt Bad Windsheim e.V.
"Gut Rieden, D-82319 Starnberg, Germany",+49 8151 90770,info@gut-rieden.de,Golfanlage Gut Rieden
"Deutenhof 2, D-93077 Bad Abbach, Germany",+49 9405 95320,info@golf-badabbach.de,Golfclub Bad Abbach Deutenhof e.V.
"In der Trift 4, D-21509 Glinde, Germany",+49 40 7100506,info@golf-gut-glinde.de,Golfclub Gut Glinde e.V.
"Weng 12, D-83404 Ainring, Germany",+49 8654 69020,info@gcbgl.de,Golfclub Berchtesgadener Land e.V.
"Golfparkallee 1, D-66606 St. Wendel, Germany",+49 6851 979800,stwendel@golf-absolute.de,Wendelinus Golfpark
"Schlossstraße 15, D-85658 Egmating, Germany",+49 8095 90860,empfang@gc-egmating.de,Golfplatz Schloss Egmating
"Hamburger Straße 61, D-24576 Bad Bramstedt, Germany",+49 4192 897515,kontakt@golfclub-badbramstedt.de,Golfclub Bad Bramstedt e.V.
"Mollenkotten 220, D-42279 Wuppertal, Germany",+49 202 264822222,info@golfclub-felderbach.de,Öffentl. Golfanlage Am Mollenkotten Wuppertal
"Hauptstr. 10, D-17419 Korswandt, Germany",+49 38378 805070,info@baltic-hills.de,Baltic Hills Golf Usedom
"Am Kurfürstenweg 13, D-85232 Eschenried, Germany",+49 8131 567456,sekretariat.eschenhof@golf-eschenried.de,Münchner Golf Eschenried - Golfplatz Eschenhof
"Darmstädter Straße 111, D-64846 Groß-Zimmern, Germany",+49 6071 92210,info@gc-zimmern.de,Zimmerner Golf Club 1995 e.V.
"Bramstedter Landstraße Nr. 1, D-25355 Lutzhorn, Germany",+49 4123 7408,info@golfclub-lutzhorn.de,Golf Club Lutzhorn e.V.
"Im Mühlenfeld 30, D-21717 Deinste, Germany",+49 4149 925112,golfpark@allesistgdm.de,Gut Deinster Mühle Golfpark
"Hinterfeld 1, D-74426 Bühlerzell, Germany",+49 7963 8419333,info@golfclub-grafenhof.de,Golf- und Country Club Grafenhof e.V.
"Mühlenweg 9, D-49696 Molbergen OT Resthausen, Germany",+49 4474 7995,info@gc-thuelsfelde.de,Golfclub Thülsfelder Talsperre e.V.
"Hüttenallee 188, D-47800 Krefeld-Bockum, Germany",+49 2151 590243,info@golfclub-stadtwald.de,Golf-Club Stadtwald e.V.
"Gahlener Straße 44, D-46244 Bottrop, Germany",+49 2045 82488,info@gc-schwarze-heide.de,Golf-Club Schwarze Heide Bottrop-Kirchhellen e.V.
"Steinfurter Straße 448, D-48159 Münster, Germany",+49 251 214090,kontakt@golfclub-wilkinghege.de,Golfclub Münster-Wilkinghege e.V.
"Hopfenweiler 9, D-88339 Bad Waldsee, Germany",+49 7524 4017200,golf@waldsee-golf.de,Fürstlicher Golfclub Oberschwaben e.V.
"Zur Alten Hofstelle 1-4, D-18516 Süderholz OT Kaschow, Germany",+49 38326 469250,info@golfpark-strelasund.de,Golfpark Strelasund GmbH & Co. KG
"Ledererweg 9, D-83684 Tegernsee/Rottach-Egern, Germany",+49 8022 95379,info@birdie-golf-tegernsee.de,BIRDIE Golf Tegernsee e.V.
"Tölzer Straße 95, D-82064 Straßlach, Germany",+49 8170 929180,strasslach@mgc-golf.de,Münchener Golf Club e.V.
"Schwarzer Weg 1, D-58730 Fröndenberg, Germany",+49 2373 70068,info@gcuf.de,Golf-Club Unna-Fröndenberg e.V.
"Golfplatz, D-38324 Kissenbrück, Germany",+49 5337 90703,sekretariat@golfclub-hedwigsburg.de,Golfclub Rittergut Hedwigsburg e.V.
"Ackerweg 30 a, D-58313 Herdecke, Germany",+49 2330 973505,info@golfen-in-herdecke.de,Golfen in Herdecke
"Bruno-Dressler-Str.20, D-63477 Maintal-Bischofsheim, Germany",+49 6109 719448,,Maindrive
"Hamburger Straße 29, D-22946 Großensee, Germany",+49 4154 6473,info@gc-grossensee.de,Golf Club Großensee e.V.
"Frielinghausen 1, D-45549 Sprockhövel, Germany",+49 202 64822222,info@golfclub-gutfrielinghausen.de,Golf Club Gut Frielinghausen
"Finnebachstraße 31, Navi: Auf dem Plasse, D-32049 Herford, Germany",+49 5228 7507,info@heerhof.de,Golf Club Heerhof e.V.
"Schlossallee 6, D-96479 Weitramsdorf-Tambach, Germany",+49 9567 9811580,info@gc-coburg.de,Golf-Club Coburg e.V. Schloß Tambach
"Tiefendorfer Straße 48, D-58093 Hagen-Berchum, Germany",+49 2334 51778,welcome@mgc-hagen.de,Märkischer Golf Club e.V.
"Am Golfplatz 1, D-57482 Wenden-Ottfingen, Germany",+49 2762 97620,info@gcso.de,Golf Club Siegen-Olpe e.V.
"Am Golfplatz, D-55743 Kirschweiler, Germany",+49 6781 36615,info@gc-edelstein.de,Golfclub Edelstein-Hunsrück e.V.
"Mühlweg 7, D-74731 Walldürn-Neusaß, Germany",+49 6282 7383,info@golfclub-glashofen-neusass.de,Golf-Club Glashofen-Neusaß e.V.
"Höhenstraße 54, D-74420 Oberrot-Frankenberg, Germany",+49 7977 8601,info@golfclub-oberrot-frankenberg.de,Golf Club Oberrot-Frankenberg
"Rohbognerhof, D-83707 Bad Wiessee, Germany",+49 8022 271130,info@tegernseer-golf-club.de,Tegernseer Golf-Club Bad Wiessee e.V.
"Repetalstraße 220, D-57439 Attendorn-Niederhelden, Germany",+49 2721 718032,info@gc-repetal.de,Golfclub Repetal Südsauerland e.V.
"Röderhof 3b, D-67725 Börrstadt, Germany",+49 6357 96094,info@golfamdonnersberg.de,Golf-Club am Donnersberg e.V.
"Tietlingen 6c, D-29683 Fallingbostel, Germany",+49 5162 3889,info@tietlingen.de,Golf Club Tietlingen e.V.
"Lederbach, D-94086 Bad Griesbach, Germany",+49 8532 3135,golfresort@quellness-golf.com,"Quellness Golf Resort Bad Griesbach, Golfplatz Lederbach"
"Bonnstraße/ Gut Clarenhof, D-50226 Frechen, Germany",+49 2234 943434,info@konzept-golf.com,Konzept Golf Gut Clarenhof
"Golfstraße 2, D-21465 Wentorf / Hamburg, Germany",+49 40 72978068,sekretariat@wrgc.de,Wentorf-Reinbeker Golf-Club e.V.
"Langental 2, D-76646 Bruchsal, Germany",+49 7251 302270,info@golfclub-bruchsal.de,Golfclub Bruchsal e.V.
"Schevenbarg, D-22949 Ammersbek, Germany",+49 40 6051337,info@gchw.de,Golfclub Hamburg-Walddörfer e.V.
"Fluorner Straße 3, D-72275 Alpirsbach-Peterzell, Germany",+49 7444 4665,info@gc-alpirsbach.de,Golfclub Alpirsbach e.V.
"Berghäuser Weg, D-57223 Kreuztal, Germany",+49 2732 59470,info@golfclub-siegerland.de,Golfclub Siegerland e.V.
"Forstweg 2, D-90617 Puschendorf, Germany",+49 9101 7552,buero@golfanlage-puschendorf.de,Golfanlage Puschendorf
"Georghausen 8, D-51789 Lindlar, Germany",+49 2207 4938,info@gcsg.de,Golfclub Schloß Georghausen e.V.
"Rothenburger Straße 35, D-91598 Colmberg, Germany",+49 9803 600,sekretariat@golf-ansbach.de,Golf-Club Ansbach e.V.
"Donebacher Straße 41, D-69427 Mudau, Germany",+49 6284 8408,info@golfclub-mudau.de,Golfclub Mudau e.V.
"Weißenfelder Mühle 2, D-37647 Polle, Germany",+49 5535 8842,info@golfclub-weserbergland.de,Golf Club Weserbergland e.V.
"Am Wiesensee, D-56457 Westerburg/Westerwald, Germany",+49 2663 991192,golfclub.wiesensee@lindner.de,Golf Club Wiesensee e.V.
"Schloß Friedrichshof, Hainstraße 25, D-61476 Kronberg/Taunus, Germany",+49 6173 1426,info@gc-kronberg.de,Golf- und Land-Club Kronberg e.V.
"Dorfstraße 22, D-29575 Altenmedingen OT Secklendorf, Germany",+49 5821 98250,info@gc-badbevensen.de,Golfclub Bad Bevensen e.V.
"Am Golfplatz 1, D-41844 Wegberg, Germany",+49 2432 81500,info@golfclub-wildenrath.de,Golfclub Wildenrath e.V.
"Kapellenstraße 10, D-57319 Bad Berleburg - Sassenhausen, North Rhine-Westphalia, Germany",+49 2751 9202278,info@gc-wittgenstein.de,Golfclub Wittgensteiner Land e.V.
"Bergschenweg 71, D-47506 Neukirchen-Vluyn, Germany",+49 2845 28051,info@gc-opdeniep.de,Golfclub Op de Niep e.V.
"Bergstraße 3, D-23715 Thürk, Germany",+49 4527 1548,info@golfplatz-thuerk.de,Golfplatz Thürk GmbH & Co. KG
"Fasanenallee 10, D-85609 Aschheim, Germany",+49 89 9902420,info@gp-ma.de,Golfpark München Aschheim GmbH & Co. KG
"Gut Ringhofen, D-99869 Drei Gleichen OT Mühlberg, Germany",+49 36256 86983,info@thueringer-golfclub.de,"Thüringer Golf Club ""Drei Gleichen"" Mühlberg e.V."
"Grünbach 8, D-94419 Reisbach, Germany",+49 8734 7035,golfclub.schlossberg@t-online.de,Golfclub Schloßberg e.V.
"Am Golfplatz 2, D-84568 Pleiskirchen, Germany",+49 8635 708903,golfclub@pleiskirchen.de,Golfclub Pleiskirchen e.V.
"Haslach 43, D-94568 Sankt Oswald, Germany",+49 8558 974980,info@gcanp.de,Golfclub am Nationalpark Bayerischer Wald e.V.
"Am Schafteich 3, OT Burkersdorf, D-07570 Harth-Pöllnitz, Germany",+49 36603 61610,info@golfclub-gera.de,Golfclub Gera e.V.
"Urbanusstraße 70, D-51147 Köln, Germany",+49 221 99886611,sank.turbanus@v-golf-ev.de,V-Golf Sankt Urbanus
"Am Schmidtberg 11, D-40629 Düsseldorf, Germany",+49 2104 77060,info@kosaido.de,KOSAIDO Internationaler Golfclub Düsseldorf e.V.
"Lietzenhof, D-54597 Burbach, Germany",+49 6553 2007,info@golf-lietzenhof.de,Golfclub Kyllburger Waldeifel e.V./Golfanlage Lietzenhof
"Petersberger Trift 33, D-06463 Falkenstein/OT Meisdorf, Germany",+49 34743 98450,info@golfclub-schloss-meisdorf.com,Golfclub Schloß Meisdorf e.V.
"Helingerstraße 5, D-87480 Hellengerst, Germany",+49 8378 920014,info@golf-allgaeu.de,Golfclub Hellengerst
"Am Alten Fliess, 66, D-50129 Bergheim-Fliesteden, Germany",+49 2238 94410,info@golfplatz-koeln.de,Golf Club Am Alten Fliess e.V.
"Raßbach 8, D-94136 Thyrnau-Passau, Germany",+49 8501 91313,info@golf-passau.de,Donau Golf Club Passau-Raßbach e.V.
"Kapellenweg 1, D-82293 Tegernbach, Germany",+49 8202 905700,info@gc-tegernbach.de,Golfclub Tegernbach e.V.
"Kronberg 4, D-83129 Höslwang, Germany",+49 8075 714,info@golfclub-hoeslwang.de,Golf Club Höslwang im Chiemgau e.V.
"Große Brühl 1, D-79112 Freiburg-Munzingen, Germany",+49 7664 930610,info@golfclub-tuniberg.de,Golfclub Tuniberg e.V.
"Piesing 4, D-84533 Haiming, Germany",+49 8678 986903,office@gc-altoetting-burghausen.de,Golfclub Altötting-Burghausen e.V.
"Moyländer Allee 10, D-47551 Bedburg-Hau, Germany",+49 2824 976680,info@golfinternationalmoyland.de,Golf International Moyland
"Lailachweg 1, Zufahrt über den Steigweg, Beschilderung INNOPARK folgen, D-97318 Kitzingen, Germany",+49 9321 4956,info@golfclub-kitzingen.de,Golfclub Kitzingen e.V.
"Kanndorf 8, D-91320 Ebermannstadt, Germany",+49 9194 4827,gcfraenkischeschweiz@t-online.de,Golf-Club Fränkische Schweiz e.V.
"Norderweg 5, D-25996 Wenningstedt, Germany",+49 4651 9959810,info@gcsylt.de,Golf-Club Sylt e.V.
"Risser Straße 14, D-82499 Wallgau, Germany",+49 8825 2183,info@golfclub-karwendel.de,Golf- & Landclub Karwendel e.V.
"Zum Wiggenberg 33, D-34454 Bad Arolsen, Germany",+49 5691 628444,info@golf-arolsen.de,Golf- und Landclub Bad Arolsen e.V.
"Straß 124 A, D-83646 Wackersberg, Germany",+49 8041 8084944,golf@toelzer-golfclub.de,Tölzer Golfclub e.V.
"Am Golfplatz 1, D-64753 Brombachtal, Germany",+49 6063 57447,mail@golfclub-odenwald.de,Golf Club Odenwald e.V.
"Auf dem Aspen 60, D-67714 Waldfischbach-Burgalben, Germany",+49 6333 279603,info@gc-pfaelzerwald.de,Golf-Club Pfälzerwald e.V.
"Unter dem Ramsberg, D-73072 Donzdorf, Germany",+49 7162 27171,info@gc-hohenstaufen.de,Golf-Club Hohenstaufen e.V.
"Ehlener Straße 21, D-34131 Kassel-Wilhelmshöhe, Germany",+49 561 33509,mail@golfclub-Kassel.de,Golf Club Kassel-Wilhelmshöhe e.V.
"Zaißing 6, D-85643 Steinhöring, Germany",+49 8094 8106,info@gc-ebersberg.de,Golf-Club Ebersberg e.V.
"Dortmunder Straße 222, D-44577 Castrop-Rauxel, Germany",+49 2305 62027,golfclub-castrop@t-online.de,Golf Club Castrop-Rauxel e.V. in Frohlinde
"Katzbergstraße 21, D-40764 Langenfeld, Germany",+49 2173 919741,info@golfamkatzberg.de,Golfclub am Katzberg e.V.
"Am Golfplatz 2, D-32676 Lügde, Germany",+49 5281 9892790,pyrmonter.golf.club@t-online.de,Golf-Club Bad Pyrmont e.V.
"Rodersberg 45, D-95448 Bayreuth, Germany",+49 921 970704,info@golfeninbayreuth.de,Golf-Club Bayreuth e.V.
"Zum Weiher 44, D-14552 Michendorf, Germany",+49 33205 7320,info@gccseddinersee.de,Golf- & Country-Club Seddiner See e.V.
"Gumpertsreuth 25, D-95185 Gattendorf, Germany",+49 9281 470155,golfclub-hof@t-online.de,Golfclub Hof e.V.
"Am Heigenberg 30, D-63768 Hösbach, Germany",+49 6024 63400,info@golfclub-aschaffenburg.de,Aschaffenburger Golf-Club e.V.
"Röserheide 2, D-31683 Obernkirchen, Germany",+49 5724 4670,gcschaumburg@online.de,Golfclub Schaumburg e.V.
"Untermühlegg 23, D-87538 Bolsterlang, Germany",+49 8326 3859410,golf@sonnenalp.de,Golfplatz Oberallgäu & Kurzplatz Gundelsberg
"Uasterhörn 37, D-25980 Sylt-Morsum, Germany",+49 4651 890387,golf-morsum@t-online.de,Golfclub Morsum auf Sylt e.V.
"Gewann vor Staudach 2, D-72820 Sonnenbühl-Undingen, Germany",+49 7128 92660,info@albgolf.de,Golf-Club Reutlingen/Sonnenbühl e.V.
"Ortsstraße 30, D-63928 Eichenbühl-Guggenberg, Germany",+49 9378 789,info@golfclub-erftal.de,Golf & Country Club Erftal e.V.
"An Haus Bey 16, D-41334 Nettetal, Germany",+49 2153 91970,golf@hausbey.de,Golf Club Haus Bey e.V.
"Am Herrnhof 1, D-92318 Neumarkt, Germany",+49 9188 3979,club@golfclub-herrnhof.de,Golfclub Herrnhof e.V.
"Wallenweg 24, D-49545 Tecklenburg, Germany",+49 5455 2080010,sekretariat@golfclub-tecklenburg.de,Golfclub Tecklenburger Land e.V.
"Gut Burghof, D-56566 Neuwied, Germany",+49 2622 83523,info@gc-rhein-wied.de,Golfclub Rhein-Wied e.V.
"Leimershof 9, D-96149 Breitengüßbach, Germany",+49 9547 8709939,info@leimershof-golfanlage.de,Golfanlage Gut Leimershof
"Petershof 1, D-95349 Thurnau, Germany",+49 9228 319,info@gc-oberfranken.de,Golf Club Oberfranken e.V.
"Münchener Straße 57, D-85452 Eichenried, Germany",+49 8123 93080,info@gc-eichenried.de,Golfclub München Eichenried
"Außerhalb 56, D-64625 Bensheim, Germany",+49 6251 67732,info@golfclub-bensheim.de,Golf Club Bensheim e.V.
"Katharinenhof, D-66453 Gersheim-Rubenheim, Germany",+49 6843 8797,verwaltung@golfclub-katharinenhof.de,Golf Club Katharinenhof e.V.
"Rusel 111, D-94571 Schaufling, Germany",+49 9920 8911,deggendorfer.golfclub@t-online.de,Deggendorfer Golfclub e.V.
"Auf der Fuhr 5, D-57392 Schmallenberg-Sellinghausen, Germany",+49 2971 908274,info@golfclub-sellinghausen.de,Golfclub Sellinghausen e.V.
"Schurzelter Straße 300, D-52074 Aachen-Seffent, Germany",+49 241 12501,info@agc-ev.de,Aachener Golf Club 1927 e.V.
"Zum Golfplatz 19, D-59759 Arnsberg, Germany",+49 2932 31546,sekretariat@golfclub-sauerland.de,"Golfclub Sauerland e.V., Neheim-Hüsten"
"Uhlenberg 8, D-48734 Reken, Germany",+49 2864 72372,info@uhlenberg-reken.de,Golfclub Uhlenberg Reken e.V.
"Ehrenbergstraße 25a, D-74906 Bad Rappenau-Zimmerhof, Germany",+49 7264 3666,info@golfclub-badrappenau.de,Golfclub Bad Rappenau
"Hasseler Straße 42, D-51580 Reichshof, Germany",+49 2297 7131,info@golfcluboberberg.de,Golf Club Oberberg e.V.
"Thailing 4, D-85643 Steinhöring, Germany",+49 8094 905500,info@golfplatz-thailing.de,Golfplatz Thailing
"Am Waldhof 3, D-24629 Kisdorf, Germany",+49 4194 99740,info@gut-waldhof.de,Golfclub Hamburg Gut Waldhof
"Werse 19, D-48157 Münster, Germany",+49 251 381257,golf@pitchundputt.de,Patricks Pitch und Putt
"Zur Mühlenerft 1, D-41517 Grevenbroich, Germany",+49 2181 280637,gc.erftaue@t-online.de,Golfclub Erftaue e.V.
"Seidelsdorf 65, D-91550 Dinkelsbühl, Germany",+49 9851 582259,info@golfpark-romantische-strasse.de,Golfpark Romantische Straße Dinkelsbühl
"Am Kurfürstenweg 10, D-85232 Eschenried, Germany",+49 8131 56740,sekretariat.eschenried@golf-eschenried.de,Münchner Golf Eschenried - Golfplatz Eschenried
"Gebrgoibe 2, D-87561 Oberstdorf, Germany",+49 8322 2895,info@golfclub-oberstdorf.de,Golfclub Oberstdorf e.V.
"Stevede 8a, D-48653 Coesfeld, Germany",+49 2541 5957,info@golfclub-coesfeld.de,Golf- und Landclub Coesfeld e.V.
"Beversundern 3, D-49808 Lingen-Altenlingen, Germany",+49 591 63837,info@gc-emstal.de,Golfclub Emstal e.V.
"Birkenhof 1, D-77694 Kehl-Neumühl, Baden-Württemberg, Germany",+49 7851 77497,info@birkenhof-kehl.de,Golfanlage Birkenhof
"Großenbaumer Allee 240, D-47249 Duisburg, Germany",+49 203 721469,info@ngcd.de,Niederrheinischer Golfclub e.V. Duisburg
"Schloß 3, D-86859 Igling/Landsberg, Germany",+49 8248 1893,info@golfclub-igling.de,Golfclub Schloß Igling e.V.
"Johannesberg 13, D-51515 Kürten, Germany",+49 2268 8989,info@gckuerten.de,Golf Club Kürten e.V.
"Kirchstraße 164, D-47475 Kamp-Lintfort, Germany",+49 2842 4833,golfclub@amklosterkamp.de,Golfclub Am Kloster Kamp
"Diekhaus 4, D-40724 Hilden, Germany",+49 2103 40000,wilh.bungert@t-online.de,Golf Range Hilden
"Peter-Bickhardt-Allee 1, D-36280 Oberaula/Hausen, Germany",+49 6628 91540,info@golf-oberaula.de,Kurhessischer Golfclub Oberaula/Bad Hersfeld e.V.
"An der Straße nach Dahlewitz, D-15831 Groß Kienitz, Germany",+49 33708 5370,info@grosskienitz.de,Golfclub & Golfcenter Gross Kienitz
"Krüttweg 1, D-79199 Kirchzarten, Germany",+49 7661 98470,info@fr-gc.de,Freiburger Golfclub e.V.
"Harkampsheide 5, D-48291 Telgte, Germany",+49 2504 72326,sekretariat@golfclub-telgte.de,Golfclub Gut Hahues zu Telgte e.V.
"Rodersberg 43, D-95448 Laineck/Bayreuth, Germany",+49 921 970704,info@golfclub-laineck.de,Golfclub Laineck-Bayreuth e.V.
"Gut Buchwies, D-82496 Oberau, Germany",+49 8824 8344,kontakt@golfclub-gap.de,Golf-Club Garmisch-Partenkirchen e.V.
"Hormannshausen 2a, D-31547 Rehburg-Loccum, Germany",+49 5766 93017,info@gcrl.de,Golfclub Rehburg-Loccum GmbH & Co. KG
"Am Golfplatz 1, D-74523 Schwäbisch Hall-Dörrenzimmern, Germany",+49 7907 8190,info@gc-sha.de,Golfclub Schwäbisch Hall e.V.
"Holzhäuser 8, D-94086 Bad Griesbach, Germany",+49 8532 7900,golfresort@quellness-golf.com,"Quellness Golf Resort Bad Griesbach, Golfodrom® Holzhäuser"
"Am Golfplatz 1, D-45481 Mülheim, Germany",+49 208 483607,info@gcmuelheim.de,Golfclub Mülheim an der Ruhr e.V.
"Am Golfplatz 1, D-27624 Geestland, Germany",+49 4708 920036,info@golfhm.de,Golfclub Gut Hainmühlen e.V.
"Gutshofstraße 141, D-26871 Papenburg, Germany",+49 4961 998011,gc@papenburg-gutshof.de,Golf-Club Gutshof Papenburg Aschendorf e.V.
"Rue de Terstraeten 254, D-4851 Gemmenich/Belgien, Germany",+32 87 78 92 80,info@mergelhof.com,Int. Golfclub Mergelhof Sektion Deutschland e.V.
"Mühlenstr. 98, D-25499 Tangstedt, Germany",+49 4101 586777,info@golfanlage-wulfsmuehle.de,Golfanlage Gut Wulfsmühle
"Klosterfreiheit 9E, D-38364 Schöningen, Germany",+49 5352 1697,kontakt@stlorenz-golf.de,St. Lorenz Golf- und Land-Club Schöningen e.V.
"Meessen 38, D-22113 Oststeinbek, Germany",+49 40 4130490,hamburg@golfrange.de,GolfRange Hamburg-Oststeinbek
"Rappach 2, D-94405 Landau/Isar, Germany",+49 9951 599111,info@golfpark-landau.de,Golfclub Landau/Isar e.V.
"Vorlandring 16, D-22113 Hamburg, Germany",+49 40 7887720,moorfleet@redgolf.de,Red Golf Moorfleet GmbH & Co.KG
"Brumbyer Str. 5, OT Neugattersleben, D-06429 Nienburg, Germany",+49 34721 50100,info@acamedresort.de,AcamedResort GmbH
"Im Nordfeld 25, D-33154 Salzkotten-Thüle, Germany",+49 5258 937310,info@gcpaderbornerland.de,Golf Club Paderborner Land e.V.
"Alpershausener Weg 60, D-27419 Sittensen, Germany",+49 4282 3266,info@golfclub-sittensen.de,Golfclub Königshof Sittensen e.V.
"Ziegelei 1, D-34281 Gudensberg-Obervorschütz, Germany",+49 5603 930730,info@golfpark-gudensberg.de,GolfParkGudensberg
"Voigtsgrüner Straße 20, D-08543 Pöhl/Möschwitz, Germany","+49 37439 44535, +49 171 2672386",info@golfanlage-talsperre-poehl.de,Golfanlage Talsperre Pöhl
"Golfpark 1, D-17498 Greifswald-Wackerow, Germany",+49 3834 3689916,info@golfclub-greifswald.de,Hanseatischer Golfclub e.V. in Greifswald
"Bernbacher Straße 61, D-76332 Bad Herrenalb, Germany",+49 7083 8898,gc.bad.herrenalb@t-online.de,Golf Club Herrenalb-Bernbach e.V.
"Alte Dorfstr. 13, D-17166 Teterow/Teschow, Germany",+49 3996 140454,golf@schloss-teschow.de,Golfclub Schloss Teschow e.V.
"Schloßweg 3, D-97337 Mainsondheim-Dettelbach, Germany",+49 9324 4656,info@golf-mainsondheim.de,Golfclub Schloß Mainsondheim e.V.
"Ferchesarer Straße 8b, D-14712 Rathenow OT Semlin, Germany",+49 3385 554474,golf@golfresort-semlin.de,Golf- und Landclub Semlin am See
"Hitscherhof, D-66509 Rieschweiler-Mühlbach, Germany",+49 6336 6442,egw@golf.de,Erster Golfclub Westpfalz Schwarzbachtal e.V.
"Johannesthaler Hof, D-75203 Königsbach-Stein, Germany",+49 7232 809860,info@johannesthal.de,Golfclub Johannesthal e.V.
"Schillingsrotterweg, D-50968 Köln-Marienburg, Germany",+49 221 384053,info@marienburger-golfclub.de,Köln-Marienburger Golf Club e.V.
"Hofgut Okatreute, D-88213 Ravensburg, Germany",+49 751 9988,golfanlage-ravensburg@t-online.de,Golfclub Ravensburg e.V.
"Friedrichstraße 12, D-96160 Geiselwind, Germany",+49 9556 1484,info@golfclub-steigerwald.de,Golfclub Steigerwald in Geiselwind e.V.
"Am Golfplatz 65, D-83646 Bad Tölz, Germany",+49 8041 77877,info@gc-isarwinkel.de,Golfclub Isarwinkel e.V.
"Georg-Nave-Straße 24a, D-33014 Bad Driburg, Germany",+49 5253 7104,info@bad-driburger-golfclub.de,Bad Driburger Golf-Club e.V.
"Belgenstraße 10, D-41849 Wassenberg, Germany",+49 2432 902209,info@gc-rothenbach.de,Golfclub Residenz Rothenbach e.V.
"Golfallee 1, D-55483 Hahn-Flughafen, Germany",+49 6543 509560,info@gc-hahn.de,Golf Club Hahn e.V.
"Wörstraße 201, D-48432 Rheine, Germany",+49 5975 9490,info@golfclub-rheine.de,Golfsportclub Rheine/Mesum Gut Winterbrock e.V.
"Auf der Lausward 51, D-40221 Düsseldorf-Hafen, Germany",+49 211 410529,info@gsvgolf.de,GSV Golf-Sport-Verein Düsseldorf e.V.
"Am Bruch 16, D-31707 Bad Eilsen/Bückeburg-OT Luhden, Germany",+49 5722 9054900,info@golfclub-am-harrl.de,Golfclub Am Harrl e.V.
"Dr.-Jochen-Schneider-Weg 1, D-31162 Bad Salzdetfurth-Wesseln, Germany",+49 5063 1516,info@golfclub-hildesheim.de,Golf-Club Bad Salzdetfurth-Hildesheim e.V.
"Am Blauen See 120, D-30823 Garbsen, Germany",+49 5137 73068,info@golfclub-hannover.de,Golf-Club Hannover e.V.
"Steinebacherstraße, D-57629 Dreifelden, Germany",+49 2666 8220,sekretariat@gc-westerwald.de,Golf Club Westerwald e.V.
"Havighorster Weg 20, D-24211 Honigsee/Havighorst, Germany",+49 4302 965980,info@gc-kiel.de,Kieler Golfclub Havighorst
"Morgensterner Straße 6, D-24407 Rabenkirchen-Faulück, Germany",+49 4642 9212422,turniere@stenerberg.de,Golf Club Stenerberg e.V.
"Oldesloer Straße 251, D-22457 Hamburg, Germany",+49 40 5528966,sekretariat@wendlohe.de,Golf-Club Hamburg Wendlohe e.V.
"Gröbern 1, D-77736 Zell am Harmersbach, Germany",+49 7835 634909,info@gc-groebernhof.de,Golfclub Gröbernhof e.V.
"Am Golfplatz 1, D-51491 Overath-Steinenbrück, Germany",+49 2204 97600,info@gc-luederich.de,Golfclub Der Lüderich e.V.
"Parkallee 3 Golfclubhaus, D-15526 Bad Saarow, Germany",+49 33631 63300,info@sporting-club-berlin.de,Sporting Club Berlin Scharmützelsee e.V.
"Cossengrüner Str., D-08547 Plauen OT Steinsdorf, Germany",+49 37439 44658,info@golfclub-plauen.de,Golfclub Plauen e.V.
"Erlenbachtalstr. 36, D-97999 Igersheim, Germany",+49 7931 561109,info@golfclub-badmergentheim.de,Golf Club Bad Mergentheim e.V.
"Hohenhardter Hof, D-69168 Wiesloch-Baiertal, Germany",+49 6222 788110,info@golf-hohenhardt.de,Golfanlagen Hohenhardter Hof e.V.
"Feuerbacher Strasse 35, D-79400 Kandern, Germany",+49 7626 977990,info@gc-mk.com,Golfclub Markgräflerland Kandern
"Ohrenbachtal Aussenliegend 1, D-64720 Michelstadt-Vielbrunn, Germany",+49 6066 258,golfclub-geierstal@t-online.de,Golfclub Geierstal e.V.
"Am Golfplatz 10, D-90768 Fürth, Germany",+49 911 757522,info@golfclub-fuerth.de,1. Golfclub Fürth e.V.
"Berkenberg 1, D-58285 Gevelsberg, Germany",+49 2332 913755,info@gutberge.de,Golfclub Gut Berge Gevelsberg/Wetter e.V.
"Lederstatt 1, D-86609 Donauwörth, Germany",+49 906 4044,info@gc-donauwoerth.de,Golfclub Donauwörth Gut Lederstatt
"Frankenufer 13, D-59519 Möhnesee-Völlinghausen, Germany",+49 2925 4935,info@golfclub-moehnesee.de,Golfclub Möhnesee e.V.
"Haverkamp 1, D-25488 Holm, Germany",+49 4103 91330,info@gchh.de,Golfclub Hamburg-Holm e.V.
"Brettberger Weg 9, D-49393 Lohne, Germany",+49 4442 730873,info@gc-lohne.de,Golfclub Gut Brettberg Lohne e.V.
"Nördlicher Park 21, D-61231 Bad Nauheim, Germany",+49 6032 2153,info@gcbadnauheim.de,Golf-Club Bad Nauheim e.V.
"Burgstall 1, D-91074 Herzogenaurach, Germany",+49 9132 40586,info@golfclub-herzogenaurach.de,Golf-Club Herzogenaurach e.V.
"Hainach - Neue Laube 1, D-97500 Ebelsbach-Steinbach, Germany",+49 9522 7085500,info@golfclub-hassberge.de,Golfclub Haßberge e.V.
"Ottmaringer Tal 1, D-92339 Beilngries, Germany",+49 8461 6063333,info@altmuehlgolf.de,Altmühlgolf Beilngries GmbH
"Ziegelwäldle 3, D-72250 Freudenstadt, Germany",+49 7441 3060,info@golfclub-freudenstadt.de,Golf-Club Freudenstadt e.V.
"Attlesee 14, D-87484 Nesselwang, Bavaria, Germany",+49 8361 925834,info@alpenseehof.de,Golfanlage Alpenseehof
"Hauptstraße 4, D-86698 Oberndorf-Eggelstetten, Germany",+49 9090 90250,golfclubeggelstetten@t-online.de,Golfclub Eggelstetten
"Mennhausen 5, D-26419 Schortens/Accum, Germany",+49 4423 985918,info@golfclub-wilhelmshaven.de,Golfclub Wilhelmshaven-Friesland e.V.
"Mühlenstraße 140, D-25421 Pinneberg, Germany",+49 4101 511830,info@golfpark-weidenhof.de,Golfpark Weidenhof e.V.
"Obschwarzbach 4a, D-40822 Mettmann, Germany",+49 2058 92240,info@gc-mettmann.de,Golf Club Mettmann e.V.
"Ortstraße, Ortsteil Guggenberg, D-63928 Eichenbühl, Germany",+49 9378 789,info@golfclub-miltenberg.de,Golfclub Miltenberg e.V.
"Messering 20, D-76287 Rheinstetten, Germany",+49 721 5164918,info@golfclub-rheinstetten.de,Golfclub Rheinstetten
"Am Golfplatz 1, D-09569 Oederan/OT Gahlenz, Germany",+49 37292 60666,info@golfsport-gahlenz-ev.de,Golf Sport Gahlenz e.V.
"Cabot Trail G208, D-77836 Rheinmünster, Germany",+49 7229 185100,info@baden-hills.de,Baden Hills Golf und Curling Club e.V.
"Wasserschlossweg 6, D-09123 Chemnitz, Germany",+49 371 2621840,mail@golfclub-chemnitz.de,Golfclub Chemnitz e.V.  Wasserschloß Klaffenbach
"Zum Lehmfeld 1, D-21614 Buxtehude, Germany",+49 4161 81333,post@golfclubbuxtehude.de,Golf-Club Buxtehude
"Gobel- von- Drechen- Straße 8a, D-59069 Hamm-Drechen, Germany",+49 2385 913500,info@gc-hamm.de,Golfclub Hamm e.V.
"Lehnfurther Weg 1, D-61118 Bad Vilbel-Dortelweil, Germany",+49 6101 9893730,info@bvgc.de,Bad Vilbeler Golfclub Lindenhof e.V.
"Salzbergstraße 33, D-83471 Berchtesgaden, Germany",+49 8652 2100,info@golfclub-berchtesgaden.de,Golf-Club Berchtesgaden e.V.
"Weiherhaus 5, D-82216 Rottbach, Germany",+49 8135 93290,info@rottbach.de,Golfanlage Rottbach
"Remse 27, D-33428 Marienfeld, Germany",+49 5247 8880,info@gc-marienfeld.de,Golfclub Marienfeld e.V.
"Am Soll 3, D-21039 Escheburg, Germany",+49 4152 83204,info@gc-escheburg.de,Golf-Club Escheburg e.V.
"Haus Dürresbach, Sövenerstraße, D-53773 Hennef, Germany",+49 2242 6501,sekretariat@gcrs.de,Golf Club Rhein-Sieg e.V.
"Ardestorfer Weg 1, D-21614 Buxtehude, Germany",+49 4161 87699,info@gut-immenbeck.de,Golf Club Gut Immenbeck e.V.
"Chausseehaus 17, D-65199 Wiesbaden, Germany",+49 611 460238,info@wiesbadener-golfclub.de,Wiesbadener Golf Club e.V.
"Am Golfplatz 1, D-14979 Großbeeren/OT Neubeeren, Germany",+49 33701 32890,berlin@golfrange.de,GolfRange GmbH - GolfRange Berlin-Großbeeren
"Im Schlingerort 5, D-49179 Ostercappeln-Venne, Germany",+49 5476 200,golfclub.varus@t-online.de,Golfclub Varus e.V.
"Am Golfplatz 2, D-97084 Würzburg, Germany",+49 931 67890,info@golfclub-wuerzburg.de,Golf Club Würzburg e.V.
"Ödengrub 1, D-92431 Neunburg vorm Wald, Germany",+49 9439 466,info@glcoberpfaelzerwald.de,Golf- und Land Club Oberpfälzer Wald e.V.
"Reinsdorfer Straße 29, D-08066 Zwickau, Germany",+49 375 2040400,info@golfplatz-zwickau.de,Golfclub Zwickau e.V.
"Unterer Auweg 6, D-86169 Augsburg, Germany",+49 821 2413799,info@golfclub-gersthofen.de,Golfclub Gersthofen e.V.
"Brunnenstraße 11, D-53578 Windhagen-Rederscheid, Germany",+49 2645 8041,info@golfcourse-siebengebirge.de,Golf Course Siebengebirge
"Schultenallee 1, D-33775 Versmold, Germany",+49 5423 42872,info@golfclub-peckeloh.de,Golf Club Schultenhof Peckeloh e.V.
"Alte Zuckerfabrik, D-18195 Tessin, Germany",+49 38205 12767,post@golfclub-tessin.de,Golfclub Tessin e.V.
"Mühlweg/Ecke Koburger Straße, D-04416 Markkleeberg, Germany",+49 341 3582686,kontakt@golfclub-markkleeberg.de,Golfclub Markkleeberg e.V.
"Brunnwies 5, D-94542 Haarbach, Germany",+49 8535 96010,golfresort@quellness-golf.com,"Quellness Golf Resort Bad Griesbach, Golfplatz Brunnwies"
"Düneburg 1, D-49733 Haren/Ems, Germany",+49 5932 72740,golf@gut-dueneburg.de,Golfpark Gut Düneburg
"Robert-Koch-Allee, D-82131 Gauting, Germany",+49 89 8500444,eberle-golf@web.de,"Münchner Golfparks Eberle, Golfpark Gauting"
"Waldstraße 27, D-31303 Burgdorf/Ehlershausen, Germany",+49 5085 7628,info@burgdorfergolfclub.de,Burgdorfer Golfclub e.V.
"Rheingoldstraße 215, D-68199 Mannheim, Germany",+49 621 851720,mannheim@golf-absolute.de,Golfclub Mannheim an der Rheingoldhalle
"An der Floßlände 3, D-85221 Dachau, Germany",+49 8131 10879,info@gcdachau.de,Golfclub Dachau e.V.
"Schönbronn 1, D-91592 Buch am Wald, Bavaria, Germany",+49 9868 959530,info@gp-rbg.de,Golfpark Rothenburg-Schönbronn
"Am Golfplatz 1, D-59457 Werl, Germany",+49 2377 6307,info@gc-werl.de,Golf Club Werl e.V.
"Kaiser-Friedrich-Promenade/Kurpark, D-61348 Bad Homburg, Germany",+49 6172 24561,kurpark@royal-hgc.de,"Royal Homburger Golf Club 1899, Old Course"
"Hölsterloh 6, D-59929 Brilon, Germany",+49 2961 53550,info@golfclub-brilon.de,Golfclub Brilon e.V.
"Westfalenstr. 332, D-48165 Münster-Hiltrup, Germany",+49 2501 5948719,info@golfen-in-hiltrup.de,Golfen in Hiltrup
"Hohe Klint 32, D-27478 Cuxhaven-Oxstedt, Germany",+49 4723 2737,info@golf-cuxhaven.de,"Küsten-Golfclub ""Hohe Klint"" Cuxhaven e.V."
"Am Leckermühlbach 2, D-49163 Bohmte, Germany",+49 5471 952520,info@gc-arenshorst.de,Golfclub Gut Arenshorst
"Bockholter Straße 475, D-45659 Recklinghausen, Germany",+49 2361 93420,info@gc-recklinghausen.de,Vestischer Golf Club Recklinghausen e.V.
"Junkersstr. 52, D-06847 Dessau, Germany",+49 340 5025664,info@golfpark-dessau.de,Golfpark Dessau e.V.
"Golf-Club Munster, D-29633 Munster/Kohlenbissen, Germany",+49 5192 887059,info@golfclubmunster.de,Golf-Club Munster e.V.
"Am Golfplatz 1, D-63584 Gründau/Gettenbach, Germany",+49 6058 91638470,golf@gut-huehnerhof.de,Golfpark Gut Hühnerhof
"Holzheimer Str. 2, D-89407 Dillingen, Germany",+49 9071 705958,info@gc-dillingen.de,Golfclub Dillingen Nusser Alm GmbH
"Herrschaftslüssen 1, D-89584 Ehingen-Rißtissen, Germany",+49 7392 7006995,info@golfclub-donau-riss.de,Golfclub Donau-Riss e.V. Ehingen-Rißtissen
"Greilack 29, D-47546 Kalkar-Niedermörmter, Germany",+49 2824 924092,info@muehlenhof.net,Mühlenhof Golf & Country Club e.V.
"Wemkenstr. 13, D-26180 Rastede, Germany",+49 4402 7240,info@oldenburgischer-golfclub.de,Oldenburgischer Golfclub e.V.
"Hofgut Wißberg, D-55578 St. Johann, Germany",+49 6701 20080,info@gc-rheinhessen.de,Golfclub Rheinhessen Hofgut Wißberg St. Johann e.V.
"Golfplatz 1, D-77767 Appenweier, Germany",+49 7843 993240,sekretariat@golfclub-urloffen.de,Golfclub Urloffen e.V.
"Golfplatz 1, D-78166 Donaueschingen, Germany",+49 771 84525,golf@oeschberghof.com,Land- und Golf-Club Öschberghof
"Gut Sterz 3, D-82547 Beuerberg, Germany",+49 8179 617,info@gc-beuerberg.de,Golfclub Beuerberg e.V.
"Patting 1, D-83083 Riedering, Germany",+49 8032 1030,info@golf-patting.de,Golfanlage Patting-Hochriesblick
"Hillstett 69, D-92444 Rötz, Germany",+49 9976 2017247,info@golf-eixendorfer-see.de,Golfclub am Eixendorfer See GmbH
"Golfparkallee 2, D-68647 Biblis-Wattenheim, Germany",+49 6245 90600,biblis-wattenheim@golf-absolute.de,Golfclub Biblis Wattenheim e.V.
"Auf dem Altscheid, D-35687 Dillenburg, Germany",+49 2771 5001,info@gc-dillenburg.de,Golfclub Dillenburg e.V.
"An der Karlsbrücke 10, Navi-Adresse: Saalburgchausse 2 A, D-61350 Bad Homburg, Germany",+49 6172 306808,info@royal-hgc.de,Royal Homburger Golfclub 1899 e.V.
"Am Kellerborn 2, D-56814 Ediger-Eller, Germany",+49 2675 911511,info@golfcochem.eu,Golfclub Cochem/Mosel
"GP Dübener Heide, Noitzscher Straße, D-04838 Noitzsch / Hohenprießnitz, Germany",+49 34242 50302,info@golfclub-leipzig.de,1. Golfclub Leipzig e.V. -  Golfplatz Dübener Heide
"Braasche 3, D-29499 Zernien-Braasche, Germany",+49 5863 556,golfclub.goehrde@t-online.de,Golf-Club an der Göhrde e.V.
"Südstraße 96, D-32130 Enger-Pödinghausen, Germany",+49 5224 79751,info@gc-rl.de,Golfclub Ravensberger Land
"Hölterweg 8, D-49549 Ladbergen, Germany",+49 5485 831813,info@golf-ladbergen.de,Golfclub Ladbergen e. V.
"Kuhlendahler Straße 283, D-42553 Velbert, Germany",+49 2053 923290,golfclub-velbert@t-online.de,Golfclub Velbert-Gut Kuhlendahl e.V.
"Freisinger Straße 102, D-85737 Ismaning-Fischerhäuser, Germany",+49 173 6666877,kontakt@golfcenter-ismaning.de,Golfcenter Ismaning
"Domänenweg 12, D-34513 Waldeck, Germany",+49 5623 99890,info@golfeninwaldeck.de,Golfclub Waldeck am Edersee
"Hofstraße 9-11, D-36341 Lauterbach/Sickendorf, Germany",+49 6641 96130,office@gc-lauterbach.de,Golfpark Schlossgut Sickendorf GmbH
"Kemnitzer Schmiedeweg 1, D-14542 Werder/OT Kemnitz, Germany",+49 3327 66370,info@dermaerkische.de,Märkischer Golfclub Potsdam e.V.
"Lindauer Straße 56, D-86199 Augsburg, Germany",+49 821 906500,augsburg@golfrange.de,Golfclub GolfRange Augsburg
"Am Golfplatz, D-73275 Ohmden, Germany",+49 7023 742663,info@golfclub-teck.de,Golfclub Teck e.V.
"Am Golfplatz 1, D-76879 Essingen bei Landau, Germany",+49 6348 4282,landau-essingen@golf-absolute.de,Golfanlage Landgut Dreihof
"Reichsmarkstraße 12, D-44265 Dortmund, Germany",+49 231 774133,info@dortmunder-golfclub.de,Dortmunder Golf Club e.V.
"Kirchberg 3, D-83339 Chieming, Germany",+49 8667 79358,golfclub@gut-ising.de,Golf Club Gut Ising
"Am Osterberg 2, D-31848 Bad Münder, Germany",+49 5042 503276,info@golfclub-deister.de,GC Am Deister e.V.
"Im Bachgrund 1, D-64572 Worfelden, Germany",+49 6152 807900,buettelborn-worfelden@golf-absolute.de,Golfclub Bachgrund e.V.
"Römerstr. 94, Websweiler Hof, D-66424 Homburg/Saar, Germany",+49 6841 777760,info@golfsaar.de,Golf Club Homburg/Saar Websweiler Hof e.V.
"Rennbahnstraße 24-26, D-40629 Düsseldorf-Grafenberg, Germany",+49 211 964950,info@golf-duesseldorf.de,Golfclub Düsseldorf-Grafenberg e.V.
"Kressbach Hofgut 11, D-72072 Tübingen, Germany",+49 7071 9709060,info@gc-schloss-kressbach.de,Golfclub Schloss Kressbach GmbH
"Rauschbergstraße 1a, D-83324 Ruhpolding-Zell, Germany",+49 8663 2461,info@golfclub-ruhpolding.de,Golf Club Ruhpolding e.V.
"Heerstraße 2, D-53859 Niederkassel-Uckendorf, Germany",+49 2208 506790,info@golfclubclostermannshof.de,Golfanlage Clostermanns Hof
"Fremersbergstraße 127, D-76530 Baden-Baden, Germany",+49 7221 23579,info@golf-club-baden-baden.de,Golf Club Baden-Baden e.V.
"Am Golfplatz 1, D-18119 Rostock-Warnemünde, Germany",+49 381 7786830,info@golf-warnemuende.de,Golfanlage Warnemünde
"Anfahrt über Walnussweg, D-96052 Bamberg, Germany",+49 951 9684331,sekretariat@gc-hauptsmoorwald.de,Golfclub Hauptsmoorwald Bamberg e.V.
"Am Golfplatz 1, D-16540 Hohen Neuendorf OT Stolpe, Germany",+49 3303 549214,info@golfclub-stolperheide.de,Berliner Golfclub Stolper Heide e.V.
"Angerpoint 4, D-83329 Waging am See, Germany",+49 170 5214630,golf-waging@live.de,Golfpark Waging am See
"An der Alten Buche 8, D-64760 Oberzent/Odenwald, Germany",+49 6068 912050,info@golfclub-buchenhof.de,Golf- und Landclub Buchenhof Hetzbach e.V.
"1. Landwehr 20, D-28865 Lilienthal, Germany",+49 4298 697069,clubhaus@golfclub-lilienthal.de,Golfclub Lilienthal e.V.
"Grubenstraße 24, D-08301 Bad Schlema, Germany",+49 1522 2134156,info@golfpark-westerzgebirge.de,Golfpark Westerzgebirge GmbH & C. KG
"Minoritenhof 1, D-93161 Sinzing, Germany",+49 941 3786100,welcome@golfsinzing.de,Golf & Yachtclub Gut Minoritenhof
"Am Golfplatz 1, D-83626 Valley, Germany",+49 8024 902790,info@golfvalley.de,Golf Valley München
"Rittergut Birkhof, D-41352 Korschenbroich, Germany",+49 2131 510660,golfpark@birkhof.de,Golfpark Rittergut Birkhof
"Am Golfplatz 3, D-23669 Timmendorfer Strand, Germany",+49 4503 704400,info@gc-timmendorf.de,Golfanlage Seeschlösschen Timmendorfer Strand
"Karlshäuser Weg, D-75248 Ölbronn-Dürrn, Germany",+49 7237 9100,info@golfclub-pf.de,Golfclub Pforzheim Karlshäuser Hof e.V.
"In der Büre 20, D-59955 Winterberg, Germany",+49 2981 1770,info@golfclub-winterberg.de,Golf-Club Winterberg e.V.
"Hilzhofen 23, D-92367 Pilsach, Germany",+49 9182 9319140,info@juragolf.de,Jura Golf Hilzhofen e.V.
"Hofgut Trages, D-63579 Freigericht, Germany",+49 6055 9394055,trages@golf-absolute.de,Golfpark Trages
"Landgut Hof Hayna, D-64560 Riedstadt-Leeheim, Germany",+49 6158 747385,sekretariat@kiawahgolf.de,Kiawah Golf Club Landgut Hof Hayna e.V.
"Schwöbber 8, D-31855 Aerzen, Germany",+49 5154 9870,info@hamelner-golfclub.de,Hamelner Golfclub e.V. Schloss Schwöbber
"Drewinscher Weg 1, D-17429 Neppermin-Balm, Germany",+49 38379 28199,golfhus@golfhotel-usedom.de,Golfclub Balmer See-Insel Usedom e.V.
"Pater-Briers-Weg 85, D-52511 Geilenkirchen, North Rhine-Westphalia, Germany",+49 2451 1234,s.davids@golfpark-loherhof.de,Golfpark Loherhof
"Am Golfplatz 1, D-01723 Wilsdruff, OT Herzogswalde, Germany",+49 35209 310590,info@golfclub-herzogswalde.de,Golfclub Herzogswalde GmbH
"Am Dorfplatz 3, D-94542 Haarbach/Uttlau, Germany",+49 8535 18949,golfresort@quellness-golf.com,"Quellness Golf Resort Bad Griesbach, St. Wolfgang Golfplatz Uttlau"
"Beim Bildstöckle, D-73337 Bad Überkingen-Oberböhringen, Germany",+49 7331 64066,info@gc-bad-ueberkingen.de,Golfer's Club Bad Überkingen e.V.
"Pehritzscher Weg, D-04827 Machern, Germany",+49 34292 632241,info@gcc-leipzig.de,Golf & Country Club Leipzig
"Kerstingweg 10, D-59368 Werne, Germany",+49 2389 539060,buero@golfplatz-werne.de,Golfplatz Werne a. d. Lippe GmbH & Co. KG
"Lemsahler Landstraße 45, D-22397 Hamburg-Lemsahl, Germany",+49 40 608228877,golf@treudelberg.com,Golf & Country Club Treudelberg e.V.
"Schmäinghook 36, D-48683 Ahaus-Alstätte, Germany",+49 2567 405,info@glc-ahaus.de,Golf- und Landclub Ahaus e.V.
"Georgenthal 1, D-65329 Hohenstein, Germany",+49 6128 943523,golfclub@hofgut-georgenthal.de,Hofgut Georgenthal
"Am Theilberg 1, D-92287 Schmidmühlen, Germany",+49 9474 701,golf@glcs.bayern,Golf- und Landclub Schmidmühlen e.V.
"Oefte 1 / Laupendahler Landstraße, D-45219 Essen, Germany",+49 2054 83911,info@oefte.com,"Essener Golf-Club Haus Oefte e.V., Essen-Kettwig"
"Kohlhof 9, D-67117 Limburgerhof, Germany",+49 6236 479494,info@golfpark-kurpfalz.de,Golf-Club Kurpfalz e.V.
"Ardesstr. 82, D-47167 Duisburg, Germany",+49 203 4846725,golfrevierduisburg@gmail.com,Golfclub Röttgersbach
"Buchenring 6, D-55442 Stromberg, Germany",+49 6724 600700,golf@golfhotel-stromberg.de,Golf Club Stromberg-Schindeldorf e.V.
"Pfullinger Hof 1, D-74193 Schwaigern-Stetten, Germany",+49 7138 67442,golfoase@t-online.de,Golfanlage Golfoase Pfullinger Hof
"Am Golfplatz 1, D-82178 Puchheim, Germany",+49 89 95842022,muenchen@golfcity.de,GolfCity München Puchheim
"Freisinger Landstraße 60, D-80939 München, Germany",+49 89 36006410,info@citygolfcenter.de,City Golf Center München - Freimann
"Moosbachstraße 1, D-83026 Rosenheim-Happing, Germany",+49 8031 26699,info@citygolf.de,City Golf Rosenheim - GmbH
"Eggeberger Straße 13, D-33790 Halle/Westfalen, Germany",+49 5201 6279,post@gctw.de,Golfclub Teutoburger Wald Halle/Westfalen e.V.
"Weiherhof 4, D-86459 Gessertshausen OT Weiherhof, Germany",+49 8238 965119,GolfanlageWeiherhof@yahoo.de,Golfanlage Weiherhof
"Am Kattwinkel 244, D-48163 Münster, Germany",+49 2536 330100,info@gc-tinnen.de,Golfclub Münster-Tinnen e.V.
"Starnberger Weg 56, D-82110 Germering, Germany",+49 89 15001120,muenchen-germering@golfrange.de,GolfRange München-Germering Süd/Nord
"Am Holzgrund, D-37574 Einbeck-Immensen, Germany",+49 5561 982305,info@golfclub-einbeck.de,Golf und Country Club Leinetal Einbeck e.V.
"Seufzerallee 10, D-31319 Sehnde-Rethmar, Germany",+49 5138 700530,info@rethmargolf.de,Rethmar Golf
"Altenbrucher Damm 92a, D-47269 Duisburg, Germany",+49 203 7386286,info@golfandmore.net,Golf & More Duisburg
"Am Golfplatz 1, D-50259 Pulheim-Freimersdorf, Germany",+49 2234 999660,koeln@golfcity.de,GolfCity Köln Pulheim
"Römerhofweg, D-53332 Bornheim, Germany",+49 2222 931940,info@golfanlage-roemerhof.de,Golfanlage Römerhof
"Weilbach/Unterfranken, D-63916 Amorbach-Sansenhof, Germany",+49 9373 2180,info@golf-sansenhof.de,Golfclub Gut Sansenhof e.V.
"Malkendorfer Weg 18, D-23617 Stockelsdorf-Curau, Germany",+49 4505 594082,info@golfclub-curau.de,Golf-Club Curau e.V.
"Obere Hauptstraße 10, D-96132 Schlüsselfeld-Reichmannsdorf, Germany",+49 9546 5954964,info@golfanlage-reichmannsdorf.de,Golfclub Schloss Reichmannsdorf
"Am Königsgraben 1, D-16818 Wall, Germany",+49 33925 71135,info@golfinwall.de,Golf in Wall
"Akazienallee 84, D-45478 Mülheim an der Ruhr, Germany",+49 208 5805690,info@srs-enterprise.com,Golfclub Mülheim an der Ruhr Raffelberg e.V.
"Hetzenhof 7, D-73547 Lorch, Germany",+49 7172 91800,info@golfclub-hetzenhof.de,Golf Club Hetzenhof e.V.
"Am Martinszehnten 6, D-60437 Frankfurt am Main, Germany",+49 69 95092744,info@golfrange-ffm.de,Golf-Club Golf Range Frankfurt
"Im Schaderoder Grund, D-99090 Erfurt-Schaderode, Germany",+49 36208 80712,info@golfclub-erfurt.com,Golf Club Erfurt e.V.
"An der Elfrather Mühle 145, D-47802 Krefeld-Traar, Germany",+49 2151 49690,info@gcem.de,Golf & Country Club An der Elfrather Mühle e.V.
"Bergkramerhof, D-82515 Wolfratshausen, Germany",+49 8171 41910,info@gc-bergkramerhof.de,Golf- und Landclub Bergkramerhof e.V.
"Föhrenweg, D-15831 Mahlow, Germany",+49 3379 370595,info@gcmahlow.de,Golf Club Mahlow e.V.
"Hainhaus 22, D-30855 Langenhagen, Germany",+49 511 736832,info@golfclub-langenhagen.de,Golfclub Langenhagen e.V.
"Osloßer Weg 20, D-38556 Bokensdorf, Germany",+49 5366 1223,golfclub@wolfsburg.de,Golfclub Wolfsburg/Boldecker Land e.V.
"Gut Neuzenhof, Neuzenhof (An der L 631), D-68542 Heddesheim, Germany",+49 6204 97690,service@gc-heddesheim.de,Golfclub Heddesheim Gut Neuzenhof e.V.
"Oppenweher Straße 83, D-49419 Wagenfeld, Germany",+49 5444 9801690,info@golfpark-wagenfeld.de,Golfpark Wagenfeld
"Horn-Westerwinkel 5, D-59387 Ascheberg-Herbern, Germany",+49 2599 92222,domus-golf@gmx.de,Golfclub Wasserschloß Westerwinkel
"Oberaltenweg 7, D-79822 Titisee-Neustadt, Germany",+49 7651 935777,info@hochschwarzwald.golf,Golfclub Hochschwarzwald e.V.
"In der Lake 33, D-58456 Witten, Germany",+49 2302 7601600,info@golfclub-kemnadersee.de,Golfclub am Kemnader See e.V.
"Himmelreich 13, D-93462 Lam, Germany",+49 9943 37141,info@gc-sonnenhof-lam.de,Golfclub Sonnenhof
"Georg-Büchner-Str. 19, D-27574 Bremerhaven, Germany",+49 471 30998913,info@golf-bhv.de,Golfclub Bremerhaven GmbH & Co. KG
"Tannenweg 1, D-17213 Göhren-Lebbin, Germany",+49 39932 80400,info.golf@fleesensee.de,Golf & Country Club Fleesensee
"Am Golfplatz 1, D-85630 Harthausen, Germany",+49 8106 35440,info@golfanlage-harthausen.de,Golfanlage Harthausen
"Redder Str. 421, D-45711 Datteln-Ahsen, Germany",+49 2363 3770,golf@jammertal.de,Golfanlage Jammertal
"Waldshagen 3, D-24306 Bösdorf (bei Plön), Germany",+49 4522 766766,info@gut-waldshagen.de,Golfclub Gut Waldshagen
"Bergweg 10, D-04356 Leipzig-Seehausen, Germany",+49 341 5217442,info@golfparkleipzig.de,Golf Park Leipzig GmbH + Co. KG
"Hammetweil 10, D-72654 Neckartenzlingen, Germany",+49 7127 97430,info@gc-hammetweil.de,Golf Club Hammetweil
"Am Golfplatz 1, D-72361 Hausen am Tann - Balingen, Germany",+49 7436 1600,info@golf-er.de,Golf-ER Club Schwaben
"Jacobistraße 35, D-46119 Oberhausen, Germany",+49 208 2997335,info@gcob.de,Golfclub Oberhausen GmbH & Co. KG
"Kammer-Krummen-Straße 100, D-89233 Neu-Ulm, Germany",+49 731 7070111,info@newgolfclub.de,New Golf Club Neu-Ulm
"Billwerder Neuer Deich 40, D-20539 Hamburg, Germany",+49 40 81978790,mail@golflounge.de,Golf Lounge
"Kuckumer Straße 61, D-41189 Mönchengladbach-Wanlo, Germany",+49 2166 145722,info@mg-golfsport.de,Golfclub Mönchengladbach-Wanlo e.V.
"Ehner-Fahrnau 12, D-79650 Schopfheim, Germany",+49 7622 674760,post@golfanlage-schopfheim.de,Golfanlage Schopfheim
"Peiner Hag, D-25497 Prisdorf, Germany",+49 4101 73790,buero@peinerhof.de,Golf-Park Peiner Hof e.V.
"Vordere Moosstraße 19, D-85464 Eicherloh, Germany",+49 8123 1064,info@bavariangc.de,Bavarian Golfclub München-Eicherloh e.V.
"Höhenstr. 40, D-51588 Nümbrecht, Germany",+49 2293 303700,golfpark@nuembrecht.com,Golf-Park Nümbrecht
"Gebäude 8888, D-55774 Baumholder, Germany",+49 6783 8788,RollingHills@t-online.de,Rolling Hills Golf Club Baumholder e.V.
"Aalbeksweg, D-24644 Krogaspe, Germany",+49 4321 852993,info@golfpark-krogaspe.de,Golfpark Krogaspe
"Pappelallee 23a, D-18311 Ribnitz-Damgarten/OT Neuhof, Germany",+49 3821 894610,golf-fischland@t-online.de,"Golfclub ""Zum Fischland"" e.V."
"Abergsweg 30, D-46446 Emmerich, Germany",+49 2822 92710,golfclubborghees@aol.com,Golfclub Borghees e.V.
"An den Höfen 7, D-46569 Hünxe-Bruckhausen, Germany",+49 2064 33043,gc-bruckmannshof@t-online.de,Golfclub Bruckmannshof e.V.
"Lesumbroker Landstraße 70, D-28719 Bremen, Germany",+49 421 949340,info@bremer-golfclub-lesmona.de,Bremer Golfclub Lesmona e. V.
"Monrepos 26, D-71634 Ludwigsburg, Germany",+49 7141 220030,info@golfclub-monrepos.de,Golfclub Schloss Monrepos
"Schloss 3, D-46419 Isselburg-Anholt, Germany",+49 2874 915120,sekretariat@golfclub-anholt.de,Golf Club Wasserburg Anholt e.V.
"Münchenroda 29, D-07751 Jena, Germany",,club@golf-jena.de,Golfclub Jena e.V.
"Otto-Ernst-Straße 32, D-22605 Hamburg, Germany",+49 40 827208,info@gthgc.de,"Großflottbeker Tennis-, Hockey- u. Golf-Club e.V."
"Hirzerweg 61, D-12107 Berlin, Germany",+49 1520 7494123,golf@rennbahn-berlin.de,Golf Zentrum Berlin
"Krienitzweg 16, D-06112 Halle (Saale), Germany",+49 345 5806116,info@golfclub-halle.de,Golfpark Hufeisensee
"Schlossplatz 1, D-46342 Velen, Germany",+49 2863 2030,info@sportschlossvelen.de,Golfanlage SportSchloß Velen
"Sassnitz-Mukran, D-18546 Sassnitz, Germany",+49 171 1865646,info@golfaufruegen.de,Golfclub Sassnitz e.V.
"Am Golfplatz 2, D-18574 Garz OT Karnitz/Rügen, Germany",+49 38304 82470,info@golfclub-ruegen.de,Golfclub Rügen e.V.
"Am Golfplatz 3, D-79415 Bad Bellingen, Germany",+49 7635 824490,info@drei-thermen-golfresort.de,Drei Thermen Golfresort Markgräflerland
"Am Golfplatz 1, D-53844 Troisdorf, Germany",+49 2241 2327128,office@west-golf.com,West Golf GmbH & Co. KG
"Föllstraße 32a, D-86343 Königsbrunn, Germany",+49 8231 32637,info@gclechfeld.de,Golfclub Lechfeld e.V.
"Benzstraße 23, D-86343 Königsbrunn, Germany",+49 8231 34204,golfclub-koenigsbrunn@t-online.de,Öffentlicher Golfplatz Königsbrunn (Süd)
"Schaffhauser Str. 121, D-79713 Bad Säckingen, Germany",+49 7761 9381132,info@GolfparkBS.de,Golfpark Bad Säckingen
"Sanktjohanserstraße 42-44, D-83707 Bad Wiessee, Germany",+49 8022 660923,mail@wiesseegolf.com,WIESSEEGOLF.COM
"Trauterfing 31, D-84137 Vilsbiburg, Germany",+49 8741 968680,info@gc-vilsbiburg.de,Golfclub Vilsbiburg e.V.
"Großblittersdorfer Straße 321, D-66130 Saarbrücken-Güdingen, Germany",+49 681 9403280,b.laufersweiler@gmx.de,City-Golf-Academy Saarbrücken
"Schlossgut Neumagenheim, D-74389 Cleebronn, Germany",+49 7135 934520,info@golfplatz-cleebronn.de,Golfclub Cleebronn e.V.
"Holzkirchner Str. 14, D-83679 Sachsenkam, Germany",+49 8021 5520,info@golfplatz-tegernsee.de,Golfplatz Waakirchen Tegernsee
"Am Golfplatz 1, D-61169 Friedberg, Germany",+49 6031 1619980,office@golf-loewenhof.de,Golfpark am Löwenhof GmbH
"Oberlimberger Weg, D-66798 Wallerfangen - Gisingen, Germany",+49 6837 444800,info@golfclub-saarbruecken.de,Golf-Club Saarbrücken e.V.
"Vohren 41, D-48231 Warendorf, Germany",+49 2586 1792,info@golfpark-heidewald.de,Golfpark Heidewald Vohren
"Lüdersburger Straße 21, D-21379 Lüdersburg/Lüneburg, Germany",+49 4139 69700,info@schloss-luedersburg.de,GSL-Golfanlage Schloss Lüdersburg GmbH & Co. KG
"Johannastr. 37, D-45899 Gelsenkirchen, Germany",+49 209 503020,info@gcsh.de,Golfclub Schloß Horst
"Bültbek 31a, D-22962 Siek, Germany",+49 4107 851201,info@golfplatz-siek.de,Golfclub Siek/Ahrensburg
"Kirchheimer Straße 40, D-67273 Dackenheim, Germany",+49 6353 989212,info@golfgarten.de,Golfclub Deutsche Weinstraße e.V.
"Hotelübungsanlage Schlossberghof Marzoll, Schlossberg 5, D-83435 Bad Reichenhall-Marzoll, Germany",+49 8651 700541,info@schlossberghof.de,Golf am Schlossberg/Hotelübungsanlage Schlossberghof Marzoll - Golf Club Bad Reichenhall
"Golfanlage Penning, An der Rottwiese 2, D-94094 Rotthalmünster, Germany",+49 8532 92440,golfresort@quellness-golf.com,"Quellness Golf Resort Bad Griesbach, Beckenbauer Golf Course"
"Am Golfplatz 1, D-23968 Hohen Wieschendorf, Germany",+49 40 1818832225,info@golfclub-hohen-wieschendorf.de,Golfclub Hohen Wieschendorf e.V.
"Herrenkrug 4, D-39114 Magdeburg, Germany",+49 391 8868846,info@golfclub-magdeburg.de,GCM Golfclub Magdeburg e.V.
"Steinprügel 2, D-70329 Stuttgart Hedelfingen, Germany",+49 711 90110847,golf@sportkultur-stuttgart.de,GolfKultur Stuttgart
"Im Teilergrund 1, D-76437 Rastatt-Plittersdorf, Germany",+49 7222 154209,info@gcaltrhein.de,Golfclub Altrhein e.V.
"Am Golfplatz 1, D-91189 Nemsdorf, Germany",+49 911 9880680,nuernberg@golfrange.de,GolfRange Nürnberg
"Gut Escheberg, D-34289 Zierenberg, Germany",+49 5606 2608,sekretariat@golfclub-escheberg.de,Golf Club Zierenberg Gut Escheberg e.V.
"Panzer Str. 1, D-29303 Lohheide, Germany",+49 5051 4393,info@bergen-hohne-golfclub.com,Bergen-Hohne Golfclub e.V.
"Parallelweg 1, D-50769 Köln-Roggendorf/Thenhoven, Germany",+49 221 784018,info@koelngolf.de,KölnGolf
"Vohren 41, D-48231 Warendorf, Germany",+49 2586 1792,info@warendorfer-golfclub.de,Warendorfer Golfclub An der Ems
"Golfstraße 16/1, D-79261 Gutach, Germany",+49 7681 23151,sekretariat@gggutach.de,Golfclub Gütermann Gutach e.V.
"Am Maasberg, D-55566 Bad Sobernheim, Germany",+49 6751 876666,info@golfclub-maasberg.de,Golf & Health Club Maasberg Bad Sobernheim e.V.
"Leonhardshaun 104a, D-84061 Ergoldsbach, Germany",+49 8771 4096380,info@golfplatz-leonhardshaun.de,Golfplatz Leonhardshaun
"Fraunhoferstraße 2, D-73037 Göppingen, Germany",+49 7161 964140,info@golf-gp.de,Golfclub Göppingen e.V.
"Am Dippelshof 19, D-64367 Mühltal, Germany",+49 6151 146543,Info@gc-dt.de,Golf Club Darmstadt Traisa e.V.
"Am Golfplatz 2, D-26548 Norderney, Germany",+49 4932 927156,info@gc-norderney.de,Golf Club Norderney e.V.
"Alte Mannheimer Straße 5, D-68519 Viernheim, Germany",+49 6204 60700,info@gcmv.de,Golfclub Mannheim Viernheim 1930 e.V.
"Schlossallee 1a, D-31028 Gronau (Leine), Germany",+49 5182 52336,gc7berge@gmx.de,Golfclub Sieben-Berge Rheden e.V.
"Kambachstraße 9-13, D-52249 Eschweiler-Kinzweiler, Germany",+49 2403 50890,info@golf-kambach.de,Golfclub Haus Kambach Eschweiler-Kinzweiler e.V.
"Dobbiner Weg 24, D-18292 Serrahn, Germany",+49 38456 6692222,golfclubserrahn@vandervalk.de,Van der Valk Golfclub Serrahn
"Golfparkallee 1, D-64579 Gernsheim-Allmendfeld, Germany",+49 6157 991616,gernsheim@golf-absolute.de,Golfclub Gernsheim Hof Gräbenbruch e.V.
"Eckhardsgraben 7, D-61184 Karben-Petterweil, Germany",+49 6039 5332,gauterin@golfrange-karben.de,Golf Range Karben
"Gelstern 2, D-58579 Schalksmühle, Germany",+49 2351 51819,kontakt@gc-gelstern.de,GC Gelstern Lüdenscheid-Schalksmühle e.V.
"Am Kurfürstenweg 13, D-85232 Eschenried, Germany",+49 8131 567456,sekretariat.eschenhof@golf-eschenried.de,Münchner Golf Eschenried - Golfplatz Gröbenbach
"Maximilianenhof, D-35091 Cölbe-Bernsdorf, Germany",+49 6427 92040,info@golf-club-marburg.de,Oberhessischer Golf-Club Marburg e.V.
"Am Hebenhübel, D-67686 Mackenbach, Germany",+49 6374 994633,info@golfclub-barbarossa.de,Golf Club Barbarossa e.V.
"Am Golfplatz 1, D-85649 Kirchstockach, Germany",+49 8102 74740,muenchen-brunnthal@golfrange.de,GolfRange München-Brunnthal
"Ludwig-Roselius-Allee 2, D-28329 Bremen, Germany",+49 421 520730,bremen@golfrange.de,GolfRange Bremen
"Am Golfplatz 1, D-50374 Erftstadt-Konradsheim, Germany",+49 2235 955660,info@golfburg.de,Golf Burgkonradsheim GmbH
"Zentralländstraße 40, D-81379 München-Thalkirchen, Germany",+49 89 7231304,thalkirchen@mgc-golf.de,Münchener Golf Club e.V.
"Burg Zievel, D-53894 Mechernich, Germany",+49 2256 1651,gcburg@zievel.de,Golfclub Burg Zievel
"Heiligenstädter Str. 34-36, D-93333 Bad Gögging, Germany",+49 9445 9580,info@marcaurel.de,MARC AUREL Spa & Golf Resort
"Drieschnitz-Kahsel, Am Golfplatz 3, D-03058 Neuhausen/Spree, Berlin, Brandenburg, Germany",+49 35605 42332,info@lausitzer-golfclub.de,Lausitzer Golfclub e.V.
"Am Breitenberg 107, D-38667 Bad Harzburg, Germany",+49 5322 6737,info@golfclubharz.de,Golf-Club Harz
"Brunnenstraße 4b, D-78256 Steisslingen-Wiechs, Germany",+49 7738 939120,info@golfplatz-steisslingen.de,Golfclub Steisslingen e.V. am Bodensee
"Heidehof 3, D-66625 Nohfelden-Eisen, Germany",+49 6852 991470,info@golfpark-bostalsee.de,Golfpark Bostalsee
"Hatter Landstraße 34, D-26209 Tweelbäke-Ost, Germany",+49 4481 8855,golfclub.hatten@t-online.de,Golfclub Hatten e.V.
"Kastanienweg 16 b, Sportanlage, D-34431 Marsberg Westheim, Germany",+49 2994 908854,info@gc-westheim.de,Golfclub Westheim e. V.
"Moorchaussee 3, D-21365 Adendorf, Germany",+49 4131 22332660,golf@castanea-resort.de,Castanea Resort Adendorf
"Ottenhauser Str. 100, D-32791 Lage, Germany",+49 5232 9738500,info@golf-gut-ottenhausen.de,Golfanlage Gut Ottenhausen GmbH
"Golfplatz 6, D-59394 Nordkirchen, Germany",+49 2596 9190,glc-nordkirchen@t-online.de,Golf- und Landclub Nordkirchen e.V.
"Hardtbergweg 16, D-46569 Hünxe, Germany",+49 2858 6480,info@gc-huenxerwald.de,Golf Club Hünxerwald e.V.
"Schwartzkopffstraße 10, D-38126 Braunschweig, Germany",+49 531 264240,sekretariat@golf-klub-braunschweig.de,Golf-Klub Braunschweig e.V.
"Wersener Straße 17, D-49504 Lotte-Wersen, Germany",+49 5404 998610,info@golf-duetetal.de,Golfclub Osnabrück-Dütetal e.V.
"Budenheimer Parkallee 11, D-55257 Budenheim, Germany",+49 6139 29300,info@mainzer-golfclub.de,Mainzer Golfclub GmbH & Co. KG
"Talquellenweg 33, D-34537 Bad Wildungen, Germany",+49 5621 3767,gc-bad-wildungen@t-online.de,Golf-Club Bad Wildungen e.V.
"Ebereschenstrasse 10, D-26160 Bad Zwischenahn, Germany",+49 4403 63866,sekretariat@golfclub-am-meer.de,Golfclub am Meer e.V.
"Frankfurter Straße 320, D-51147 Köln, Germany",+49 2203 62334,ssz-koeln@t-online.de,GC Wahn im SSZ Köln-Wahn e.V.
"Petersfelde 4a, D-23867 Sülfeld, Germany",+49 4537 701551,info@golf-suelfeld.de,Golf-Park Sülfeld
"Am Hauptdiek 8, D-48455 Bad Bentheim-Sieringhoek, Germany",+49 5922 77760,info@golfclub-euregio.de,Golfclub Euregio Bad Bentheim e.V.
"Golfpark 1, D-94227 Lindberg, Germany",+49 9922 80113,info@golfpark-oberzwieselau.de,Golfpark Oberzwieselau e.V.
"Haus Auel 1, D-53757 Lohmar, Germany",+49 2206 909056,info@gc-schloss-auel.de,Golf Club Schloss Auel
"Heinrich-Baden-Weg 23, D-28355 Bremen-Oberneuland, Germany",+49 421 20529199,info@gc-oberneuland.de,Golf-Club Oberneuland e.V.
"Golfparkallee 11, D-24576 Bad Bramstedt, Germany",+49 4192 819560,golf@gut-bissenmoor.de,Golf & Country Club Gut Bissenmoor e.V.
"Mietenkamer Straße 65, D-83224 Grassau/Chiemgau, Bavaria, Germany",+49 8641 401717,golf@golf-resort-achental.com,Golf Resort Achental
"Freimersdorfer Weg 43, D-50859 Köln, Germany",+49 221 2772980,info@koelner-golfclub.de,Kölner Golfclub
"Birkenhof, D-76684 Östringen-Tiefenbach, Germany",+49 7259 8683,info@heitlinger-golf-resort.de,Golf Resort HEITLINGER Tiefenbach e.V.
"Kirchreitbergstr. 2, D-83119 Obing, OT Kleinornach, Germany",+49 8624 875623,dergolfclub@t-online.de,Der Golf Club Am Obinger See
"Rennweg 70, D-44143 Dortmund, Germany",+49 231 9812950,dortmund@golfrange.de,Golfclub GolfRange Dortmund
"Bergische Landstraße 700, D-40629 Düsseldorf, Germany",+49 2104 72178,info@gc-hubbelrath.de,Golf Club Hubbelrath - Land und Golf Club Düsseldorf e.V.
"Homburger Hof, D-35619 Braunfels/Lahn, Germany",+49 6442 4530,info@golfclub-braunfels.de,Golf Club Schloß Braunfels e.V.
"Eiderweg 1, D-25826 St. Peter-Ording, Germany",+49 4863 3545,nordseegolfclub@gmx.de,Nordsee-Golfclub St. Peter-Ording e.V.
"Am Golfplatz 1, D-30880 Laatzen/Gleidingen, Germany",+49 5102 739000,empfang@golfgleidingen.de,Golf Gleidingen
"Angelmoos 20, D-78126 Königsfeld-Martinsweiler, Germany",+49 7725 93960,info@gc-k.de,Golf und Country Club Königsfeld e.V.
"Kümmelbergstr. 24, D-96328 Küps/Nagel, Germany",+49 9264 8812,info@gc-kronach.de,Golfclub Kronach e.V.
"Binnenkamp 29, D-23858 Reinfeld, Germany",+49 4533 610308,gcreinfeld@gmx.de,Golfclub Reinfeld e.V.
"Im Lochbusch, D-67435 Neustadt-Geinsheim, Germany",+49 6327 97420,info@gc-pfalz.de,Golf-Club Pfalz Neustadt a.d. Weinstraße e.V.
"Gereut 9.1, D-77933 Lahr-Reichenbach, Germany",+49 7821 77227,kontakt@gc-ortenau.de,Golf Club Ortenau e.V.
"Harksheider Weg 226, D-25451 Quickborn, Germany",+49 4106 804433,quickborn@redgolf.de,Red Golf Quickborn GmbH & Co. KG
"Dornberger Straße 377, D-33619 Bielefeld, Germany",+49 521 105103,info@bielefelder-golfclub.de,Bielefelder Golfclub e.V.
"Flughafenstraße 2, D-26465 Langeoog, Germany",+49 4972 990246,info@golfclub-insel-langeoog.de,Golfclub-Insel-Langeoog e.V.
"An der Rehm 25, D-21244 Buchholz, Germany",+49 4181 36200,gc-buchholz@t-online.de,Golf-Club Buchholz-Nordheide e.V.
"Stenz 1, D-86975 Bernbeuren, Germany",+49 8860 582,golfplatz.stenz@t-online.de,Golfplatz Stenz
"Badendonker Straße 15, D-40667 Meerbusch, Germany",+49 2132 93250,info@golfpark-meerbusch.de,Golfclub Meerbusch e.V.
"Gut Lohne 22, D-30916 Isernhagen, Germany",+49 5139 893185,info@golfclub-isernhagen.de,Golfclub Isernhagen e.V.
"Heideholz 8, D-32602 Vlotho-Exter, Germany",+49 5228 7434,info@golfclubherford.de,Golf Club Herford e.V.
"Thumer Str. 430, D-09405 Zschopau, Germany",+49 3725 459818,golfanlage.zschopau@gmail.com,Golfanlage Zschopau GmbH
"Pinneberger Straße 81a, D-25451 Quickborn-Renzel, Germany",+49 4106 81800,sekretariat@pinnau.de,Golf-Club An der Pinnau e.V.
"Sportpark Mahner Berg, D-38259 Salzgitter, Germany",+49 5341 37376,info@golfclub-salzgitter.de,Golf Club Salzgitter/Liebenburg e.V.
"Frielingshausen 1, D-45549 Sprockhövel, Germany",+49 202 64822222,info@golfclub-felderbach.de,Golfclub Felderbach Sprockhövel e.V.
"Zum Renneshof, D-47877 Willich-Anrath, Germany",+49 2156 9142180,info@gc-renneshof.de,Golfpark Renneshof GmbH
"Am Golfplatz 10, D-27711 Garlstedt/OHZ, Germany",+49 4795 953316,info@czvb.de,"Club zur Vahr e.V. Bremen, Platz Garlstedter Heide"
"Roedenbeckstraße 55, D-28832 Achim, Germany",+49 4202 97400,info@golf-in-achim.de,Achimer Golfclub e.V.
"Rindhof 1, D-97702 Münnerstadt, Germany",+49 9766 1601,info@maria-bildhausen.de,Golf-Club Maria Bildhausen e.V.
"Baumallee 14, D-23730 Gut Beusloe, Germany",+49 4561 8140,info@gc-brodauermuehle.de,Golf Club Brodauer Mühle e.V.
"Mühlenstraße 37, D-24229 Dänischenhagen, Germany",+49 4349 91700,golf@gut-uhlenhorst.de,Golf- & Land Club Gut Uhlenhorst
"Rheinstraße 4, D-79807 Nack-Lottstetten, Germany",+49 7745 92960,info@golfclubrheinblick.de,Golfclub Rheinblick
"Graf-Lehndorff-Straße 36, D-81929 München, Germany",+49 89 94500800,info@gcriem.de,Golfclub München-Riem
"Auf dem Stickdorn 63, D-32584 Löhne, Germany",+49 5228 7050,info@gc-widukindland.de,Golf Club Widukind-Land e.V.
"Hof Hausen vor der Sonne 1, An der Reifenberger Straße, D-65719 Hofheim, Germany",+49 6192 209903,info@hofhausen.golf,Golf-Club Hof Hausen vor der Sonne e.V.
"Am Schoor 46, D-23743 Grömitz, Germany",+49 4562 222650,info@golfclubgroemitz.de,Golf Club Ostseebad Grömitz e.V.
"Golfweg 22, D-14109 Berlin, Germany",+49 30 8067060,info@wannsee.de,Golf- und Land-Club Berlin-Wannsee e.V.
"Bachhof 9, D-94356 Kirchroth-Kößnach, Germany",+49 9428 7169,info@golfclub-straubing.de,Golfclub Straubing Stadt und Land e.V.
"Schloßstr. 14, D-23626 Warnsdorf, Germany",+49 4502 77770,info.golf@maritimgolfpark.de,Maritim Golfpark Ostsee
"Radbrucher Straße 200, D-21423 Winsen/Luhe, Germany",+49 4171 782241,info@greeneagle.de,Green Eagle Golf Courses
"Schlossallee 1, D-53913 Swisttal, Germany",+49 2226 10050,mail@schlossmiel.de,Golf Club Schloss Miel
"Flughafen 69, D-25980 Sylt, Ortsteil Tinnum, Germany",+49 4651 927575,info@sylt-golf.de,Marine-Golf-Club Sylt e.G.
"Am Golfplatz 1, D-55278 Mommenheim, Germany",+49 6138 92020,info@gc-dm.de,Golf Club Domtal Mommenheim e.V.
"Bromberg 1, D-94081 Fürstenzell, Germany",+49 8502 917160,office@panorama-golf.info,Panorama Golf Passau
"Gsteig 1, D-86983 Lechbruck am See, Germany",+49 8862 987750,golf@aufdergsteig.de,Golfanlage Auf der Gsteig
"Golfplatz Sagmühle 1, D-94086 Bad Griesbach, Germany",+49 8532 2038,info@sagmuehle.de,Golfclub Sagmühle
"Augustdorfer Straße 72, D-33758 Schloß Holte-Stukenbrock, Germany",+49 5207 920936,shop@sennegolfclub.de,Senne Golfclub Gut Welschof e.V.
"Beukenbusch 1, D-29229 Celle-Garssen, Germany",+49 5086 395,info@golf-celle.de,Golfclub Herzogstadt Celle e.V.
"Am Mühlbach 99, D-85609 Aschheim, Bavaria, Germany",+49 89 999816870,info@greenhill-golf.de,GREEN HILL - Der Golfpark München-Ost
"Golfplatz Kolnhausen, D-35423 Lich, Germany",+49 6404 91071,info@licher-golf-club.de,Licher Golf-Club Fürstliches Hofgut Kolnhausen e.V.
"Fahrenbach 1, D-95709 Tröstau, Germany",+49 9232 882250,info@golfclub-fahrenbach.de,Golfclub Fahrenbach im Fichtelgebirge e.V.
"Weickershof 1, D-91586 Lichtenau, Germany",+49 9827 92040,info@gclichtenau.de,Golfclub Lichtenau-Weickershof e.V.
"Frauenwaldstraße 2, D-94065 Waldkirchen, Germany",+49 8581 1040,info@gc-bayerwald.de,Golf- und Landclub Bayerwald e.V.
"Zachower Str., D-14669 Ketzin, OT Tremmen, Berlin, Brandenburg, Germany",+49 33233 7050,clubsekretariat@potsdamer-golfclub.de,Potsdamer Golfclub e.V.
"Schönstraße 45, D-85452 Moosinning-Eichenried, Germany",+49 8123 989280,info@open9.de,OPEN.9 Golf Eichenried
"Zwischen den Deichen, Navi: Dorfstr. 32 eingeben, D-25761 Warwerort/Büsum, Germany",+49 4834 960460,info@gc-buesum.de,Golfclub Büsum Dithmarschen e.V.
"Parkstraße 22, D-35447 Reiskirchen, Germany",+49 6408 95130,info@golfpark.de,Golf-Park Winnerod
"Nippenburg 21, D-71701 Schwieberdingen, Germany",+49 7150 39530,info@schlossnippenburg.de,Golfanlage Schloss Nippenburg
"Bartelter Weg 8, D-47608 Geldern, Germany",+49 2831 924420,golf-geldern@t-online.de,Golfanlage Schloss Haag
"Preutenborbeckstraße 36, D-45239 Essen, Germany",+49 201 404111,info@gceh.de,Golf-Club Essen-Heidhausen e.V.
"Senne 1, D-33175 Bad Lippspringe, Germany",+49 5252 53794,info@sennelagergolfclub.de,B. A. Golfclub Sennelager
"Wölpscher Straße 4, D-28779 Bremen, Germany",+49 421 6095331,info@golfclub-bremerschweiz.de,Golf-Club Bremer Schweiz e.V.
"Spasche 5, D-27793 Wildeshausen, Germany",+49 4431 1232,info@golfclub-wildeshausen.de,Golf Club Wildeshauser Geest e.V.
"Saint-Barbara-Allee 18, D-44309 Dortmund-Brackel, Germany",+49 231 9098650,info@royal-dortmund-gc.de,Royal Saint Barbara's Dortmund Golf Club e.V.
"Im Laber 4 a, D-74747 Ravenstein-Merchingen, Germany",+49 6297 399,info@golfclub-kaiserhoehe.de,Golfclub Kaiserhöhe e.V.
"Heister Feld 7, D-25489 Haselau, Germany",+49 4122 853500,info@golfclub-gut-haseldorf.de,Golfclub Gut Haseldorf e.V.
"Wiesenhausweg, D-59555 Lippstadt, Germany",+49 2941 810110,info@golfclub-lippstadt.de,Golf Club Gut Mentzelsfelde e.V.
"Blankenburger Pflasterweg 40, D-13129 Berlin, Germany",+49 30 50019490,info@golf-pankow.de,Golf Resort Berlin Pankow
"Heckerhof 5, D-53783 Eitorf, Germany",+49 2243 92320,vertrieb@gut-heckenhof.de,Gut Heckenhof Hotel & Golfresort an der Sieg GmbH & Co KG
"Thierham 3, D-94072 Bad Füssing, Germany",+49 8537 91990,info@thermengolf.de,ThermenGolfClub Bad Füssing-Kirchham e.V.
"Oppelshäuser Weg 5, D-63674 Altenstadt, Germany",+49 6047 988088,mail@golfplatz-altenstadt.de,Golfplatz Altenstadt
"Euerdorfer Straße 11, D-97688 Bad Kissingen, Germany",+49 971 3608,info@golfclubbadkissingen.de,Golf Club Bad Kissingen e.V.
"Am Golfplatz 2, D-52355 Düren-Gürzenich, Germany",+49 2421 67278,sekretariat@gcdueren.de,Golf Club Düren e.V.
"Hof Emmen/Westerholz, D-27383 Scheeßel-Westerholz, Germany",+49 4263 93010,info@golfclub-wuemme.de,Golf Club Wümme e.V.
"Gut Mentzelsfelde/Wiesenhausweg 14, D-59555 Lippstadt, Germany",+49 2941 810110,info@golfclub-lippstadt.de,Golf Club Lippstadt e.V.
"Schulerberg 1, D-73230 Kirchheim unter Teck, Germany",+49 7024 920820,info@golf-kirchheim.de,Golfclub Kirchheim-Wendlingen e.V.
"Holling 4, D-48351 Everswinkel-Alverskirchen, Germany",+49 2582 5645,info@golfclub-brueckhausen.de,Golfclub Brückhausen e.V.
"Schloßstraße 21, D-23883 Grambek/Mölln, Germany",+49 4542 841474,info@gcgrambek.de,Golf-Club Gut Grambek e.V.
"Giehlermühlen, D-27729 Vollersode, Germany",+49 4763 7313,info@golfclub-worpswede.de,Golfclub Worpswede e.V.
"Osterholz 3, D-25524 Breitenburg, Germany",+49 4828 8188,info@gcsb.de,Golf Club Schloß Breitenburg e.V.
"Wilscher Weg 69, D-38518 Gifhorn, Germany",+49 5371 16737,info@golfclub-gifhorn.de,Golf Club Gifhorn e.V.
"Am Golfplatz 19, D-91183 Abenberg, Germany",+49 9178 98960,info@golfclub-abenberg.de,Golfclub Abenberg e.V.
"Ottengrün 50, D-95698 Neualbenreuth, Germany",+49 9638 1271,info@gc-stiftland.de,Golfclub Stiftland e.V.
"Wulfen, Wulfener-Hals-Weg 80, D-23769 Fehmarn, Germany",+49 4371 6969,info@golfpark-fehmarn.de,Golfpark Fehmarn
"Hof 1, D-85302 Gerolsbach, Germany",+49 8445 799,info@golfpark-gerolsbach.de,GolfPark Gerolsbach
"Wochenauer Hof 2, D-89186 Illerrieden, Germany",+49 7306 929500,info@golfclubulm.de,Golf Club Ulm e.V.
"Konrad-Adenauer-Str. 100, D-53757 St. Augustin, Germany",+49 2241 39880,Info@GCBonn.de,Internationaler Golf Club Bonn e.V.
"Im Tal der Loreley, D-56154 Boppard/Rhens, Germany",+49 6742 808491,golf@jakobsberg.de,Jakobsberg Hotel- & Golfresort
"Hatter Straße 14, D-26209 Hatten-Dingstede, Germany",+49 4482 8280,info@gcol.de,Golfclub Oldenburger Land e.V.
"Am Schönbühl 5, D-88131 Lindau, Germany",+49 8382 96170,info@golflindau.de,Golf-Club Lindau-Bad Schachen e.V.
"Gernsheimer Fahrt, D-67580 Hamm, Germany",+49 6246 907226,info@gc-worms.de,Golfclub Worms e.V.
"Ebertshäuser Straße 17, D-97453 Löffelsterz, Germany",+49 9727 5889,info@golfclub-schweinfurt.de,Golf Club Schweinfurt e.V.
"Augsburger Straße 51, D-86842 Türkheim, Germany",+49 8245 3322,info@golfclub-tuerkheim.de,Golfclub zu Gut Ludwigsberg
"Ebbeckeweg 3, D-59510 Lippetal-Lippborg, Germany",+49 2527 8191,golfclub.stahlberg@t-online.de,Golfclub Stahlberg im Lippetal e.V.
"Klaus-Conrad-Allee 1, D-92706 Luhe-Wildenau, Germany",+49 9607 92020,info@golfclub-schwanhof.de,Golfclub Schwanhof e.V.
"Engelshofer Straße 2, D-86399 Bobingen-Burgwalden, Germany",+49 8234 5621,info@golfclub-augsburg.de,Golfclub Augsburg e.V.
"Gütersloher Straße 127, D-33397 Rietberg-Varensell, Germany",+49 5244 2340,info@golf-gt.de,Westfälischer Golf Club Gütersloh e.V.
"Unterhomberg 4, D-88693 Deggenhausertal, Germany",+49 7555 919630,rochushof@t-online.de,Golfclub Rochushof Deggenhausertal e.V.
"Vor der Mühle 20, D-31535 Neustadt, Germany",+49 5036 2778,info@gpsm.de,Golf Park Steinhuder Meer e.V.
"Marhördt 18, D-74420 Oberrot, Germany",+49 7977 910277,info@golfclub-marhoerdt.de,Golfclub Marhördt Betriebsgesellschaft mbH & Co. KG
"Landgrabenweg, D-53343 Wachtberg-Niederbachem, Germany",+49 228 344003,info@gc-bonn-godesberg.de,Golf Club Bonn Godesberg in Wachtberg e.V.
"Alte Owinger Straße 93, D-88696 Owingen, Germany",+49 7551 83040,welcome@golfclub-owingen.de,Golfclub Owingen - Überlingen e.V.
"Holtumer Straße 24, D-27283 Verden-Walle, Germany",+49 4230 1470,golf@gc-verden.de,Golf-Club Verden e.V.
"Gut Altenhof 1, D-24340 Altenhof, Germany",+49 4351 41227,info@gcaltenhof.de,Golf Club Altenhof e.V. Eckernförde
"Woeste 2, D-58566 Kierspe-Varmert, Germany",+49 2359 290215,post@golfclub-varmert.de,Golf Club Varmert e.V.
"Scheibenhardt 1, D-76135 Karlsruhe, Germany",+49 721 867463,club@hofgut-scheibenhardt.de,Golfclub Hofgut Scheibenhardt e.V.
"Lange Seegewann 2, D-65205 Wiesbaden-Delkenheim, Germany",+49 6122 177480,clubinfo@golfclub-maintaunus.de,Golf-Club Main-Taunus e.V.
"Schloß Liebenstein, D-74382 Neckarwestheim, Germany",+49 7133 98780,info@gc-sl.de,Golf- und Landclub Schloß Liebenstein e.V.
"Waldweg 3, D-16348 Prenden, Germany",+49 33396 7790,info@golfplatz-prenden.de,Golfpark Berlin Prenden
"Schiestlstraße 100, D-90427 Nürnberg, Germany",+49 911 305730,info@golfclub-nuernberg.de,Golf Club Am Reichswald e.V.
"Bella Vista Allee 1, D-84364 Bad Birnbach, Germany",+49 8563 977400,info@bellavista-golfpark.de,Bella Vista Golfpark - Bad Birnbach
"Kellerberg 13, D-85461 Grünbach-Erding, Germany",+49 8122 49650,info@golf-erding.de,Golf-Club Erding Grünbach e.V.
"Krumenauerstr. 1, D-85049 Ingolstadt, Germany",+49 841 85778,info@golf-ingolstadt.de,Golfclub Ingolstadt e.V.
"Kadener Straße 9, D-25486 Alveslohe, Germany",+49 4193 99290,info@gutkaden.de,Gut Kaden Golf und Land Club
"Bauernberg 5, D-83209 Prien-Bauernberg, Germany",+49 8051 62215,cgc-prien@t-online.de,Chiemsee Golf-Club Prien e.V.
"Landstraße 36, D-26524 Lütetsburg, Germany",+49 4931 9300431,info@golfclub-luetetsburg.de,Golfanlage Schloss Lütetsburg GmbH & Co. KG
